source_path	destination	sha256	bytes	kind	elf_class	machine	license_provenance	fixup
system/etc/permissions/cneapiclient.xml	system/etc/permissions/cneapiclient.xml	d272a0fbfca5c48c7370aaf2b50db31c134e1bcde32ed5f3e9a8ef0be580cb1c	298	configuration			Qualcomm official driver explicit path; OPM7.181205.001	none
system/etc/permissions/qcrilhook.xml	system/etc/permissions/qcrilhook.xml	5bb32dde7b49fd3ae045015f9e7b46463acad190a0fa87fff705e3f3e36af43b	159	configuration			Qualcomm official driver explicit path; OPM7.181205.001	none
vendor/bin/ATFWD-daemon	vendor/bin/ATFWD-daemon	9aa4a091fd373cdaec79cdc38f3abaa387bfbc0b41307e95aaa464090a422312	37000	ELF	ELF64	AArch64	Huawei official driver vendor.img; OPM7.181205.001	none
vendor/bin/InputEventFind	vendor/bin/InputEventFind	48a365bafeedea86d5fdebca6e4dbcc70d3b60f25ad8036e69e95414b894d409	11056	ELF	ELF64	AArch64	Huawei official driver vendor.img; OPM7.181205.001	none
vendor/bin/cnd	vendor/bin/cnd	49ae8d83df686a1c2deaf96b0b019de1417dc9eb2d8032ada8dcc9891102c796	68161	ELF	ELF64	AArch64	Huawei official driver vendor.img; OPM7.181205.001	add direct liblog DT_NEEDED for legacy Android log imports
vendor/bin/diag_klog	vendor/bin/diag_klog	9b027e29cf296f2a2071c9d7ecd4b1ae54811fd142d8d30e985bf6e570b4bbc3	11224	ELF	ELF64	AArch64	Huawei official driver vendor.img; OPM7.181205.001	none
vendor/bin/diag_mdlog	vendor/bin/diag_mdlog	92f5d52a83168382cc31b2962739f48aa4c369d2238635c05ba025da39ab94d8	24024	ELF	ELF64	AArch64	Huawei official driver vendor.img; OPM7.181205.001	none
vendor/bin/diag_test_server	vendor/bin/diag_test_server	96831b2d25f5a3b2a9f2fcb44825e3217457d217cfc60e8f71fb7ab0f7b5beb3	16300	ELF	ELF32	ARM	Huawei official driver vendor.img; OPM7.181205.001	none
vendor/bin/dsm_ctrl	vendor/bin/dsm_ctrl	0a8dc952a5a6a286af98b10f98e757fd200e93f7c824f5cebd72b05f510e0767	15336	ELF	ELF64	AArch64	Huawei official driver vendor.img; OPM7.181205.001	none
vendor/bin/ims_rtp_daemon	vendor/bin/ims_rtp_daemon	4c3d9d071dd1b13c03007ed2f5ba7927d244fb9130216e5ed2924007dd4687ad	59240	ELF	ELF64	AArch64	Huawei official driver vendor.img; OPM7.181205.001	none
vendor/bin/imscmservice	vendor/bin/imscmservice	d6c380b29f6f2ee19b2058973f237cdc6b41b66c0c5902cb13028b7ad1861dfd	5912	ELF	ELF64	AArch64	Huawei official driver vendor.img; OPM7.181205.001	none
vendor/bin/imsdatadaemon	vendor/bin/imsdatadaemon	3b8ba73bf62ca920aa7e00c17250a0cc900edd704d178978ae66ca0f65133dc2	199241	ELF	ELF64	AArch64	Huawei official driver vendor.img; OPM7.181205.001	add direct liblog DT_NEEDED for legacy Android log imports
vendor/bin/imsqmidaemon	vendor/bin/imsqmidaemon	63852473223a8a8fd4f464247c620dc5a76872ad1a6873cb493f5fbb468f9ad3	134065	ELF	ELF64	AArch64	Huawei official driver vendor.img; OPM7.181205.001	add direct liblog DT_NEEDED for legacy Android log imports
vendor/bin/irsc_util	vendor/bin/irsc_util	a5e8f378b44505288c8726f969d19c35abfa7efa58b8f2b817cb7027894b564b	11080	ELF	ELF64	AArch64	Huawei official driver vendor.img; OPM7.181205.001	none
vendor/bin/loc_launcher	vendor/bin/loc_launcher	5ffa433977d29845bf944ccdbd02e30301cd85466f87b10e5c9b6068a3d23158	66889	ELF	ELF64	AArch64	Huawei official driver vendor.img; OPM7.181205.001	add direct liblog DT_NEEDED for legacy Android log imports
vendor/bin/mm-qcamera-daemon	vendor/bin/mm-qcamera-daemon	0cd6579688a3be664223b378e6539b49687302f6722b3a61e62f5545fef636e7	24604	ELF	ELF32	ARM	Huawei official driver vendor.img; OPM7.181205.001	none
vendor/bin/msm_irqbalance	vendor/bin/msm_irqbalance	4669fdef9736ad8ae72d05c8e19b910ca3934973ea0f0123b2b1e10fd947a07f	23624	ELF	ELF64	AArch64	Huawei official driver vendor.img; OPM7.181205.001	none
vendor/bin/netmgrd	vendor/bin/netmgrd	4143f3917126f3a0b896666a4cff48c51e374e252eace88f9d11a43dec613599	533520	ELF	ELF64	AArch64	Huawei official driver vendor.img; OPM7.181205.001	none
vendor/bin/nl_listener	vendor/bin/nl_listener	0ba811643c3b23ca4ee9bf093fbc213ec5dc4eb4cb1f21a5a004a65d72613f2d	5912	ELF	ELF64	AArch64	Huawei official driver vendor.img; OPM7.181205.001	none
vendor/bin/oem_qmi_server	vendor/bin/oem_qmi_server	543a6e9126e08a04d691f166ebbdd4eb454807de986ea04b1deca5d0b7676323	15480	ELF	ELF64	AArch64	Huawei official driver vendor.img; OPM7.181205.001	none
vendor/bin/perfd	vendor/bin/perfd	f097e73a8e1f82c42d78dc4ad731dfb53e19d1a6c4257f1032364e4b1eb94183	95504	ELF	ELF64	AArch64	Huawei official driver vendor.img; OPM7.181205.001	none
vendor/bin/pm-proxy	vendor/bin/pm-proxy	0621b177e91ac3e2c465adc8b7171d44fea316e1d2a9be85a11baa90dbfef538	7032	ELF	ELF64	AArch64	Huawei official driver vendor.img; OPM7.181205.001	none
vendor/bin/pm-service	vendor/bin/pm-service	c545c0608f62edb9513c59c826e7cd17c4ef303a94ab7f951059eb2859db31e5	45688	ELF	ELF64	AArch64	Huawei official driver vendor.img; OPM7.181205.001	none
vendor/bin/port-bridge	vendor/bin/port-bridge	e7b29b3d533c075a40ed34cde4d9b73b599692a89924e5d5f00086825f11228f	66913	ELF	ELF64	AArch64	Huawei official driver vendor.img; OPM7.181205.001	add direct liblog DT_NEEDED for legacy Android log imports
vendor/bin/qmuxd	vendor/bin/qmuxd	5e5ac3dc2cfad25e38c7c8b1a78c0e095214ad82adabea130196fb5b287bd07e	138112	ELF	ELF64	AArch64	Huawei official driver vendor.img; OPM7.181205.001	none
vendor/bin/qseecomd	vendor/bin/qseecomd	37d25238f00591e2d5664b323824789a953f29833003494f7404de83666fb3ef	11432	ELF	ELF64	AArch64	Huawei official driver vendor.img; OPM7.181205.001	none
vendor/bin/qti	vendor/bin/qti	560234dc0dd23b2c02dca010838b09739fcc378b5d9a887e4641ded08b485650	78144	ELF	ELF64	AArch64	Huawei official driver vendor.img; OPM7.181205.001	none
vendor/bin/radish	vendor/bin/radish	b71b26c1af8d492486c31d2b922ce66f01f504b147584fe3b5dd8afbd9dd2d8d	51088	ELF	ELF64	AArch64	Huawei official driver vendor.img; OPM7.181205.001	none
vendor/bin/rmt_storage	vendor/bin/rmt_storage	09f2d970e9775722ad23cac8e179fa00d4e38c0c52a75121fd5b5cd58da821ea	28752	ELF	ELF64	AArch64	Huawei official driver vendor.img; OPM7.181205.001	none
vendor/bin/slim_daemon	vendor/bin/slim_daemon	f33e2ffa43dad5526c953a62b66a6320262c397b6b959415f2e0850df17ab4b2	255456	ELF	ELF64	AArch64	Huawei official driver vendor.img; OPM7.181205.001	none
vendor/bin/sound_trigger_test	vendor/bin/sound_trigger_test	c483df91f3f7e9f6161a87727296fadfeaa33ccdb0a3b71496e09d3e43377bd6	11040	ELF	ELF64	AArch64	Huawei official driver vendor.img; OPM7.181205.001	none
system/bin/ssr_setup	vendor/bin/ssr_setup	96eeb426fe8723fcf3e43aaf5e00b1b7a1f75adb100d0d17666305b14be618dc	11208	ELF	ELF64	AArch64	Qualcomm official driver explicit path; OPM7.181205.001	none
system/bin/subsystem_ramdump	vendor/bin/subsystem_ramdump	08bcd6f141416e8db6eb34c38d6060047f5d5b286ff14e414651f83b8609e65f	27848	ELF	ELF64	AArch64	Qualcomm official driver explicit path; OPM7.181205.001	none
vendor/bin/thermal-engine	vendor/bin/thermal-engine	0e2835ed9ed8f01ebf2b1b072087798e6aaded4f7fb7c0007baec6082d8912d0	1817920	ELF	ELF64	AArch64	Huawei official driver vendor.img; OPM7.181205.001	none
vendor/etc/acdbdata/angler/Angler_Bluetooth_cal.acdb	vendor/etc/acdbdata/angler/Angler_Bluetooth_cal.acdb	13d97a4cf11e85d37b14fc370caa1b88c356ab07b316548586f6106c4d056f27	98646	data			Huawei official driver vendor.img; OPM7.181205.001	none
vendor/etc/acdbdata/angler/Angler_General_cal.acdb	vendor/etc/acdbdata/angler/Angler_General_cal.acdb	15dc8728ce7a067811a69ee5b32574f263d4c2c34755fcf985cb4b2dd833309a	17434	data			Huawei official driver vendor.img; OPM7.181205.001	none
vendor/etc/acdbdata/angler/Angler_Global_cal.acdb	vendor/etc/acdbdata/angler/Angler_Global_cal.acdb	f12c9d02a109311a2a04f2a2b87dadb959ff4e3b57239eaccda525c5cfa8cdf2	5352	data			Huawei official driver vendor.img; OPM7.181205.001	none
vendor/etc/acdbdata/angler/Angler_Handset_cal.acdb	vendor/etc/acdbdata/angler/Angler_Handset_cal.acdb	a688d6a7f492be1dba5d8add65d9ab329dcab39665da07af89994c1832623953	459431	data			Huawei official driver vendor.img; OPM7.181205.001	none
vendor/etc/acdbdata/angler/Angler_Hdmi_cal.acdb	vendor/etc/acdbdata/angler/Angler_Hdmi_cal.acdb	6342663b907f32a8340721032d1a39ebcff1dc24d7d8107c7ac22a74989faa70	1502	data			Huawei official driver vendor.img; OPM7.181205.001	none
vendor/etc/acdbdata/angler/Angler_Headset_cal.acdb	vendor/etc/acdbdata/angler/Angler_Headset_cal.acdb	370a06b47b8b8e305963465b85864a331feb031007715b0c343e34bae650847b	189786	data			Huawei official driver vendor.img; OPM7.181205.001	none
vendor/etc/acdbdata/angler/Angler_Speaker_cal.acdb	vendor/etc/acdbdata/angler/Angler_Speaker_cal.acdb	f9afc51ffd27101f63105cb322ff879153da4b21551e7618e0f35caf54e4ed31	527908	data			Huawei official driver vendor.img; OPM7.181205.001	none
vendor/etc/cne/profile.txt	vendor/etc/cne/profile.txt	c23be8df41c806ec7745e8ea27ce406abaf591957ff9fae7e9ee6ddae320399b	18	configuration			Huawei official driver vendor.img; OPM7.181205.001	none
vendor/etc/diag/Angler_Radio-general.cfg	vendor/etc/diag/Angler_Radio-general.cfg	fa0b66038a420e19e5af240518ef61420dac621dff67eaf17ad10e55c0b71014	3481	configuration			Huawei official driver vendor.img; OPM7.181205.001	none
vendor/etc/flp.conf	vendor/etc/flp.conf	1049cdf1a4629204e8499df89d01a580ae1a5270786c1df5c794fc5dcc516e6e	1826	configuration			Huawei official driver vendor.img; OPM7.181205.001	none
vendor/etc/lowi.conf	vendor/etc/lowi.conf	db261aed1ddcb6f69346ab2622f304a855906d02f5dc170af6a1e1c0e3f19cbf	1678	configuration			Huawei official driver vendor.img; OPM7.181205.001	none
vendor/etc/perf-profile0.conf	vendor/etc/perf-profile0.conf	470e18c6a04434a4448b897a5b96142a424e45851ccbeb5b7f8b81a65a66bef8	63	configuration			Huawei official driver vendor.img; OPM7.181205.001	none
vendor/etc/pp_calib_data_SAMSUNG_S6E3HA3X01_5P7_1440P_CMD_DUAL0.xml	vendor/etc/pp_calib_data_SAMSUNG_S6E3HA3X01_5P7_1440P_CMD_DUAL0.xml	db04427dcc935a87b0825b7cb268101b95d295c5032ad02e86ba98048070f0a9	1623485	configuration			Huawei official driver vendor.img; OPM7.181205.001	none
vendor/etc/sap.conf	vendor/etc/sap.conf	005fda631c6d3a20fa86d7c0601ff1fe350673576d5a010b2a2ebfcfbb7ac749	1734	configuration			Huawei official driver vendor.img; OPM7.181205.001	none
vendor/firmware/BCM4358A3_RFSW.hcd	vendor/firmware/BCM4358A3_RFSW.hcd	64bfc238b7c410552e4ee49b976ed3226f18cf976303579b24048ec4d8281d4a	55935	firmware			Huawei official driver vendor.img; OPM7.181205.001	none
vendor/firmware/a420_pfp.fw	vendor/firmware/a420_pfp.fw	cca23b697d4a08d8146893985f8196960106a936de74d9a60d6e70cca79d46eb	4292	firmware			Huawei official driver vendor.img; OPM7.181205.001	none
vendor/firmware/a420_pm4.fw	vendor/firmware/a420_pm4.fw	52eced2d9a908651d3f34ad5f68fc5f17d2c46c00b20530bbf1bedd54e5d5512	9556	firmware			Huawei official driver vendor.img; OPM7.181205.001	none
vendor/firmware/activity.napp	vendor/firmware/activity.napp	98cad494183e9f97cde5997da1650248f78f7948999d46ede65e7a2d5d2f6c48	114409	firmware			Huawei official driver vendor.img; OPM7.181205.001	none
vendor/firmware/adsp.b00	vendor/firmware/adsp.b00	4c46b8b12159fcf061fbf3b96926679603e7f83f1393c178999a433f10b815e1	660	firmware-ELF	ELF32	Qualcomm Hexagon	Huawei official driver vendor.img; OPM7.181205.001	none
vendor/firmware/adsp.b01	vendor/firmware/adsp.b01	b6bd301bb00e5db32456b16fe34ed6d22e889837c30320e89656e1ba97b79879	7048	firmware			Huawei official driver vendor.img; OPM7.181205.001	none
vendor/firmware/adsp.b02	vendor/firmware/adsp.b02	f303013445267837ac9cc6073f707e7e9af2d2f771f259cf82c432b97e3b6be5	7232	firmware			Huawei official driver vendor.img; OPM7.181205.001	none
vendor/firmware/adsp.b03	vendor/firmware/adsp.b03	3e44e8f90a4fc081f14c8c483a32e531cc91adfe4aa79bef37c627fb609aea30	141168	firmware			Huawei official driver vendor.img; OPM7.181205.001	none
vendor/firmware/adsp.b04	vendor/firmware/adsp.b04	5a3d9b21b5c0f73bc877c1db51f96c69da20dfaf0a696694c93f8388dfd75d1c	7333349	firmware			Huawei official driver vendor.img; OPM7.181205.001	none
vendor/firmware/adsp.b05	vendor/firmware/adsp.b05	6e340b9cffb37a989ca544e6bb780a2c78901d3fb33738768511a30617afa01d	1	firmware			Huawei official driver vendor.img; OPM7.181205.001	none
vendor/firmware/adsp.b06	vendor/firmware/adsp.b06	4166c50c5d97508a33dc4d56a406b43e26ca85d84212ce4f0ff37b40f48d8d61	1246424	firmware			Huawei official driver vendor.img; OPM7.181205.001	none
vendor/firmware/adsp.b07	vendor/firmware/adsp.b07	06aec08a16c7439c80bf88e9965f2ffe2dbbdffaf56fdcda06a7405adc71a403	120	firmware			Huawei official driver vendor.img; OPM7.181205.001	none
vendor/firmware/adsp.b08	vendor/firmware/adsp.b08	1b0af2dd81dcca7654d4a24b806eead436feac334b7a0589c16c5ff26034732a	760	firmware			Huawei official driver vendor.img; OPM7.181205.001	none
vendor/firmware/adsp.b09	vendor/firmware/adsp.b09	45ff2b2d6ce09428b110f784375553d034a67fad0f2414d6ee2e742098291d84	161240	firmware			Huawei official driver vendor.img; OPM7.181205.001	none
vendor/firmware/adsp.b10	vendor/firmware/adsp.b10	d729d81e03391d4053e9de7b09b176568d2fda4b79e5c37f43738e9eb3f4846c	83768	firmware			Huawei official driver vendor.img; OPM7.181205.001	none
vendor/firmware/adsp.b11	vendor/firmware/adsp.b11	119de5c22a05d864b7cea332a55a8867f3ebe6ad895def2ef9bb5cf045916573	32552	firmware			Huawei official driver vendor.img; OPM7.181205.001	none
vendor/firmware/adsp.b12	vendor/firmware/adsp.b12	43bbdcc8fb16366b3a30a87de5aa43f168a909a5f44f64173c89942507961af3	1255748	firmware			Huawei official driver vendor.img; OPM7.181205.001	none
vendor/firmware/adsp.b13	vendor/firmware/adsp.b13	6e340b9cffb37a989ca544e6bb780a2c78901d3fb33738768511a30617afa01d	1	firmware			Huawei official driver vendor.img; OPM7.181205.001	none
vendor/firmware/adsp.b14	vendor/firmware/adsp.b14	039ee13f1d0be40f3af67aa75c2ee59c7951378682118d9f9db5c7ea7b1760ac	21532	firmware			Huawei official driver vendor.img; OPM7.181205.001	none
vendor/firmware/adsp.b15	vendor/firmware/adsp.b15	3b9cfb610870a628970708247eabf72758c2f524e66d0dab49f61984b3d5c77e	120	firmware			Huawei official driver vendor.img; OPM7.181205.001	none
vendor/firmware/adsp.b16	vendor/firmware/adsp.b16	c1e4e8ea387bf0ea311a5e598e1ed032cc58ab20978dc79409e7209398da2799	145183	firmware			Huawei official driver vendor.img; OPM7.181205.001	none
vendor/firmware/adsp.b17	vendor/firmware/adsp.b17	3d564bdb6aa3477fc0e5f8dfe5c9eaf47951e4ec0d6320c9624e0e9c8d6ae06e	177300	firmware			Huawei official driver vendor.img; OPM7.181205.001	none
vendor/firmware/adsp.mdt	vendor/firmware/adsp.mdt	a47543c99d24036f9529cff6eb6c470cdc5219e784ab8db90a723fb3c6cd28d5	7708	firmware-ELF	ELF32	Qualcomm Hexagon	Huawei official driver vendor.img; OPM7.181205.001	none
vendor/firmware/cpe.b02	vendor/firmware/cpe.b02	8b4c1195ec3ef254f0ddca69c4212c2a5706f3bf005c7bdc0480d743669ab5fe	18168	firmware			Huawei official driver vendor.img; OPM7.181205.001	none
vendor/firmware/cpe.b04	vendor/firmware/cpe.b04	47f0149b43961165c5fa224dbd2d1e956cf0a26b86d15ee3e12652c2a6e013ca	364	firmware			Huawei official driver vendor.img; OPM7.181205.001	none
vendor/firmware/cpe.b05	vendor/firmware/cpe.b05	179a264f2d37f95ee072cf0a4c61f67c79657ea493a846113a51a72487a90274	20	firmware			Huawei official driver vendor.img; OPM7.181205.001	none
vendor/firmware/cpe.b06	vendor/firmware/cpe.b06	9d1e39130b7cb31c0a4d0af7eee897188664c76003e0bad1193758657eb056e3	122	firmware			Huawei official driver vendor.img; OPM7.181205.001	none
vendor/firmware/cpe.b08	vendor/firmware/cpe.b08	b1e8213d28599949a21c8a4c0b6f6c2b198b12eaebfc206081f96956939b75e6	362	firmware			Huawei official driver vendor.img; OPM7.181205.001	none
vendor/firmware/cpe.b10	vendor/firmware/cpe.b10	b490dfa4df597f7cbbd0131d6b7d376e7e0d332b9812dd30d5fc08a6505502fe	12	firmware			Huawei official driver vendor.img; OPM7.181205.001	none
vendor/firmware/cpe.b11	vendor/firmware/cpe.b11	6979e10b361ca417bb7b58448ac27f02d7667cb832ec06a890f4097c719a6e7b	4	firmware			Huawei official driver vendor.img; OPM7.181205.001	none
vendor/firmware/cpe.b12	vendor/firmware/cpe.b12	9ff86f76f092990758a53eb6d5dbe55a8b379e6e31b8a441a684764ad60e60cb	23	firmware			Huawei official driver vendor.img; OPM7.181205.001	none
vendor/firmware/cpe.b14	vendor/firmware/cpe.b14	a14c1480ffb19421714ae089ac033fd9f3ea6ab6b4531e47057c1f49148ac135	6	firmware			Huawei official driver vendor.img; OPM7.181205.001	none
vendor/firmware/cpe.b16	vendor/firmware/cpe.b16	0928317bf93b4bae29045e513a920f90cdc05f041ada9fc4b3a0eb903018159a	6	firmware			Huawei official driver vendor.img; OPM7.181205.001	none
vendor/firmware/cpe.b18	vendor/firmware/cpe.b18	9e2dea277854efee7e65e198fcbd73c1ef95e0662ff3a480ec9645c5ab0359b9	6	firmware			Huawei official driver vendor.img; OPM7.181205.001	none
vendor/firmware/cpe.b20	vendor/firmware/cpe.b20	e3430129e467ae260dc0298fd8b44b175bf1a8fa922ae1930b800a97325a1dd3	6	firmware			Huawei official driver vendor.img; OPM7.181205.001	none
vendor/firmware/cpe.b21	vendor/firmware/cpe.b21	3b3d4c8d273c25da49ee2dd8cb7ef35d4b660464c398f60bbf7206798d272793	45011	firmware			Huawei official driver vendor.img; OPM7.181205.001	none
vendor/firmware/cpe.mdt	vendor/firmware/cpe.mdt	6c2a0ca4a3a4fc827abb716a00d2ce9d322b36eeef6e090a0321f44ae56f3970	756	firmware-ELF	ELF32	Tensilica Xtensa	Huawei official driver vendor.img; OPM7.181205.001	none
vendor/firmware/cpp_firmware_v1_1_1.fw	vendor/firmware/cpp_firmware_v1_1_1.fw	09fd81eb95b3187b731c201f99c5b6176df01e6d459c78fbe7bf4f0ef480e578	16128	firmware			Huawei official driver vendor.img; OPM7.181205.001	none
vendor/firmware/cpp_firmware_v1_1_6.fw	vendor/firmware/cpp_firmware_v1_1_6.fw	2533f6819be2ee4ba61ed4e1e8cbf76be93ae9f06d98a5a259fcc6165da47782	16384	firmware			Huawei official driver vendor.img; OPM7.181205.001	none
vendor/firmware/cpp_firmware_v1_2_0.fw	vendor/firmware/cpp_firmware_v1_2_0.fw	6f28bbb64cf8441fc33ee41ffb035f781488fd523b641d237cdaf840769b0689	16384	firmware			Huawei official driver vendor.img; OPM7.181205.001	none
vendor/firmware/cpp_firmware_v1_4_0.fw	vendor/firmware/cpp_firmware_v1_4_0.fw	17446858b9adad536f3da2d0130182708624b87fa0915b9ab719c313865a5674	16384	firmware			Huawei official driver vendor.img; OPM7.181205.001	none
vendor/firmware/cpp_firmware_v1_6_0.fw	vendor/firmware/cpp_firmware_v1_6_0.fw	22514c99720c889d4426b291aa5c9648e72901e57efb6e27bd2f90a8f1c1a2cd	16384	firmware			Huawei official driver vendor.img; OPM7.181205.001	none
vendor/firmware/cpp_firmware_v1_8_0.fw	vendor/firmware/cpp_firmware_v1_8_0.fw	58f7ca85ab67ab8f7fe5f5b274428e9b51154d58c76e416d187a56d0244dacfe	16384	firmware			Huawei official driver vendor.img; OPM7.181205.001	none
vendor/firmware/double_twist.napp	vendor/firmware/double_twist.napp	ac8d291f36b0c9cc6836cd5affbc68841cd5f5b6153eaf120d3271a2fd1a5c75	9042	firmware			Huawei official driver vendor.img; OPM7.181205.001	none
vendor/firmware/fingerpr.b00	vendor/firmware/fingerpr.b00	d718ec9655999267e0641ca87e46b93be46be5ee1f866c47859a36626e4a03fc	180	firmware-ELF	ELF32	ARM	Huawei official driver vendor.img; OPM7.181205.001	none
vendor/firmware/fingerpr.b01	vendor/firmware/fingerpr.b01	0e78792547befb4bed4dbc6f63da545dec0211a4df7f163734b8bd687b2f8a87	6568	firmware			Huawei official driver vendor.img; OPM7.181205.001	none
vendor/firmware/fingerpr.b02	vendor/firmware/fingerpr.b02	df49425290dc1d9433041e059436e20184aa36c98f4c7c189649d6730601f726	837664	firmware			Huawei official driver vendor.img; OPM7.181205.001	none
vendor/firmware/fingerpr.b03	vendor/firmware/fingerpr.b03	899c311a2f78ef4e1d9e44daaf820ac1bf3f5622e51adeb844bb5644339aea33	596064	firmware			Huawei official driver vendor.img; OPM7.181205.001	none
vendor/firmware/fingerpr.mdt	vendor/firmware/fingerpr.mdt	86b47fb738090ba2da01d41f56bf52ab113ff13003b870ba6b4081e4284c16d0	6748	firmware-ELF	ELF32	ARM	Huawei official driver vendor.img; OPM7.181205.001	none
vendor/firmware/leia_pfp_470.fw	vendor/firmware/leia_pfp_470.fw	cb7274d7966b02540895f4399e8567faecbb9503d6d95332046412fcd8b0710e	1156	firmware			Huawei official driver vendor.img; OPM7.181205.001	none
vendor/firmware/leia_pm4_470.fw	vendor/firmware/leia_pm4_470.fw	d99151ad14fce57f9af4f5d80683a837179b9ea2195a7ddae390cd3cb56fb276	9220	firmware			Huawei official driver vendor.img; OPM7.181205.001	none
vendor/firmware/libpn548ad_fw.so	vendor/firmware/libpn548ad_fw.so	158bd818f7f7c1e91e93d6e25ec49e250481e57b154d272fe219994a63470956	38031	firmware-ELF	ELF64	AArch64	Huawei official driver vendor.img; OPM7.181205.001	none
vendor/firmware/nanohub.full.bin	vendor/firmware/nanohub.full.bin	91cceee3486577cdd3e49d5369d459ea2f12b60e2b8c994d93461f9567ec06e7	174136	firmware			Huawei official driver vendor.img; OPM7.181205.001	none
vendor/firmware/napp_list.cfg	vendor/firmware/napp_list.cfg	371551c65a992fc56234e51e318c9784023f8995c5696b017ca049fc1f4a4426	162	firmware			Huawei official driver vendor.img; OPM7.181205.001	none
vendor/firmware/pickup_gesture.napp	vendor/firmware/pickup_gesture.napp	656ea1d501bf80b72c4c4346b00618092ff6fb2ddd466fe0963cfa3148561e51	2431	firmware			Huawei official driver vendor.img; OPM7.181205.001	none
vendor/firmware/sig_motion.napp	vendor/firmware/sig_motion.napp	f3b356327b3d14513945eea9d00b2a0fac8da4d034aac7d79be382a84fcf62a2	1125	firmware			Huawei official driver vendor.img; OPM7.181205.001	none
vendor/firmware/venus.b00	vendor/firmware/venus.b00	3c5f16b7718db07acd1972a4de1abcee28bcd023c6822a60c2245bf35c7eca66	212	firmware-ELF	ELF32	ARM	Huawei official driver vendor.img; OPM7.181205.001	none
vendor/firmware/venus.b01	vendor/firmware/venus.b01	1cd9a05c19adf7faade78ca9bfb75fe4eb6d15d46b65fca0b5cf6c6f6f2bdf9b	6600	firmware			Huawei official driver vendor.img; OPM7.181205.001	none
vendor/firmware/venus.b02	vendor/firmware/venus.b02	79cf8292cbb9373299e936379450b954dcea71330650400c46ebd103fd9dafed	983664	firmware			Huawei official driver vendor.img; OPM7.181205.001	none
vendor/firmware/venus.b03	vendor/firmware/venus.b03	974e496016f3a15818954bbf264978392341232253690270a3628d15767054c8	5568	firmware			Huawei official driver vendor.img; OPM7.181205.001	none
vendor/firmware/venus.b04	vendor/firmware/venus.b04	43b09596e1496809aaa964b34c146580f0566c86bc9d7218a1288fd15fb93424	32	firmware			Huawei official driver vendor.img; OPM7.181205.001	none
vendor/firmware/venus.mdt	vendor/firmware/venus.mdt	ac446dbf023535f659f5dc688652d477c51433746bd10143926a91e00cd888de	6812	firmware-ELF	ELF32	ARM	Huawei official driver vendor.img; OPM7.181205.001	none
vendor/firmware/widevine.b00	vendor/firmware/widevine.b00	f1279b5a25db5ae3be98994e44370e6f61a69e5c3b4e60cab3fd5473e866f610	180	firmware-ELF	ELF32	ARM	Huawei official driver vendor.img; OPM7.181205.001	none
vendor/firmware/widevine.b01	vendor/firmware/widevine.b01	9d85ea6cb24825a044cf0b7f295520e641c328d50a0d18b28b58df77e429cdf3	6568	firmware			Huawei official driver vendor.img; OPM7.181205.001	none
vendor/firmware/widevine.b02	vendor/firmware/widevine.b02	69894ac13981126ca0492c4bab1990baf78726dc436aca79a7cde1eca7875cd7	196636	firmware			Huawei official driver vendor.img; OPM7.181205.001	none
vendor/firmware/widevine.b03	vendor/firmware/widevine.b03	fb4b92252754d089d217e4b56d6777af1d3cf87458f3f2b99145a3e4ca4b4cff	1140	firmware			Huawei official driver vendor.img; OPM7.181205.001	none
vendor/firmware/widevine.mdt	vendor/firmware/widevine.mdt	91d594e8efd9eeb23ee81d14e1bb4f98878cc79578b04fc418852b1c37cb44a4	6748	firmware-ELF	ELF32	ARM	Huawei official driver vendor.img; OPM7.181205.001	none
vendor/lib/egl/eglSubDriverAndroid.so	vendor/lib/egl/eglSubDriverAndroid.so	e65353670085287aa5d16a227efd738a50b5686729e84d07c24da76da83955ab	59236	ELF	ELF32	ARM	Huawei official driver vendor.img; OPM7.181205.001	none
vendor/lib/egl/libEGL_adreno.so	vendor/lib/egl/libEGL_adreno.so	db4a3e2a2f296e51c3db076127316be16f9dcede4eff5c4a986eba127955301a	77808	ELF	ELF32	ARM	Huawei official driver vendor.img; OPM7.181205.001	none
vendor/lib/egl/libGLESv1_CM_adreno.so	vendor/lib/egl/libGLESv1_CM_adreno.so	72fd93d340c700dbc3b8dbe4d9091a801edbd0cffc3adc0468ff78f72b5df51d	155692	ELF	ELF32	ARM	Huawei official driver vendor.img; OPM7.181205.001	none
vendor/lib/egl/libGLESv2_adreno.so	vendor/lib/egl/libGLESv2_adreno.so	540ee3f11a2fa4b4efecdea0466aca1da533bdeb4424e2aabfceaaa5ae750ad6	2542316	ELF	ELF32	ARM	Huawei official driver vendor.img; OPM7.181205.001	none
vendor/lib/egl/libq3dtools_adreno.so	vendor/lib/egl/libq3dtools_adreno.so	2d37b9a0bd62e3a78005a340e4ed691c13e7f8edc83c642a0d761b216dde0445	444388	ELF	ELF32	ARM	Huawei official driver vendor.img; OPM7.181205.001	none
vendor/lib/egl/libq3dtools_esx.so	vendor/lib/egl/libq3dtools_esx.so	61b710c84c5802738f399bc1180ffbbfb6d3c1d7204a7b12fc84aa23500c8e5f	271276	ELF	ELF32	ARM	Huawei official driver vendor.img; OPM7.181205.001	none
vendor/lib/hw/gatekeeper.msm8994.so	vendor/lib/hw/gatekeeper.msm8994.so	ff477729ffd4e30a30429991bb776f0121dcac99d5d6b52d2db744f414c89367	17984	ELF	ELF32	ARM	Huawei official driver vendor.img; OPM7.181205.001	retarget audited legacy ARM EABI imports from LIBC_PRIVATE to the ABI-identical LIBC_N aliases exported by current Bionic
vendor/lib/hw/keystore.msm8994.so	vendor/lib/hw/keystore.msm8994.so	775202ad1198e9ec8fddcb306590604ae5d2dc03769f14c21cd6eb45de7b2936	30488	ELF	ELF32	ARM	Huawei official driver vendor.img; OPM7.181205.001	none
vendor/lib/hw/nfc_nci.angler.so	vendor/lib/hw/nfc_nci.angler.so	0346746f382690275cab34550da141bd5a4f7b43f33a18a6434e8bd9ecda6ed4	156828	ELF	ELF32	ARM	Huawei official driver vendor.img; OPM7.181205.001	none
vendor/lib/hw/sound_trigger.primary.msm8994.so	vendor/lib/hw/sound_trigger.primary.msm8994.so	db95281989648d2cc1207ebef4bdca46976a1f2d7018549b9f2c0b7d62842eed	54452	ELF	ELF32	ARM	Huawei official driver vendor.img; OPM7.181205.001	none
vendor/lib/hw/tof.vl6180.so	vendor/lib/hw/tof.vl6180.so	f285f58254b9e7eee268f6babab7468e5612968fba4dd11dd2d7fb1371eb505b	33120	ELF	ELF32	ARM	Huawei official driver vendor.img; OPM7.181205.001	none
vendor/lib/hw/vulkan.msm8994.so	vendor/lib/hw/vulkan.msm8994.so	f4c2f67d47b1516b3e788656812198dad4f0e8b3b75aebf20259abbb50323b74	1064424	ELF	ELF32	ARM	Huawei official driver vendor.img; OPM7.181205.001	none
vendor/lib/lib-dplmedia.so	vendor/lib/lib-dplmedia.so	d944e4952f6c3ee08e5237b3eed7b3a2f31955bbd8ac44089a6ee3c00e7dada8	120712	ELF	ELF32	ARM	Huawei official driver vendor.img; OPM7.181205.001	retarget audited legacy ARM EABI imports from LIBC_PRIVATE to the ABI-identical LIBC_N aliases exported by current Bionic
vendor/lib/lib-ims-rcscmjni.so	vendor/lib/lib-ims-rcscmjni.so	a4a1024cff4fd123ff806bdbed651f0fcf8566430c9d31e9d91c944cc805b9aa	46812	ELF	ELF32	ARM	Huawei official driver vendor.img; OPM7.181205.001	retarget audited legacy ARM EABI imports from LIBC_PRIVATE to the ABI-identical LIBC_N aliases exported by current Bionic
vendor/lib/lib-imsSDP.so	vendor/lib/lib-imsSDP.so	1896a775f2ce531fe2b08ebdcec788fc8410eab4dcf4bb2274ceae5693b3eaf7	191825	ELF	ELF32	ARM	Huawei official driver vendor.img; OPM7.181205.001	add direct liblog DT_NEEDED for legacy Android log imports; retarget audited legacy ARM EABI imports from LIBC_PRIVATE to the ABI-identical LIBC_N aliases exported by current Bionic
vendor/lib/lib-imsdpl.so	vendor/lib/lib-imsdpl.so	4373df741f06c6f12426916025241b03854759ed7ec1c6c99e8b707b66dc8a56	441621	ELF	ELF32	ARM	Huawei official driver vendor.img; OPM7.181205.001	add direct liblog DT_NEEDED for legacy Android log imports; retarget audited legacy ARM EABI imports from LIBC_PRIVATE to the ABI-identical LIBC_N aliases exported by current Bionic
vendor/lib/lib-imsqimf.so	vendor/lib/lib-imsqimf.so	cb2c949c012b10caa8843fc5620c75a5db1056a86b5e62a6ed53e493654c605f	1341004	ELF	ELF32	ARM	Huawei official driver vendor.img; OPM7.181205.001	retarget audited legacy ARM EABI imports from LIBC_PRIVATE to the ABI-identical LIBC_N aliases exported by current Bionic
vendor/lib/lib-imsrcs.so	vendor/lib/lib-imsrcs.so	27ec727607aafb7b40e89b130d75a24b9510438032b015bee07f671487f132c5	1214048	ELF	ELF32	ARM	Huawei official driver vendor.img; OPM7.181205.001	retarget audited legacy ARM EABI imports from LIBC_PRIVATE to the ABI-identical LIBC_N aliases exported by current Bionic
vendor/lib/lib-imsrcscm.so	vendor/lib/lib-imsrcscm.so	fd55679e0b0d341981991407c67941524751f728ac70f7d5a3f06d31c6fcf2f9	124684	ELF	ELF32	ARM	Huawei official driver vendor.img; OPM7.181205.001	retarget audited legacy ARM EABI imports from LIBC_PRIVATE to the ABI-identical LIBC_N aliases exported by current Bionic
vendor/lib/lib-imsrcscmclient.so	vendor/lib/lib-imsrcscmclient.so	a8f2d1afe119e3c3dfeef2dd4ba837a388bc35b87413b10fe4a716e9fed79ff5	83496	ELF	ELF32	ARM	Huawei official driver vendor.img; OPM7.181205.001	remove unused DT_NEEDED libart-compiler.so and libart.so; zero imported-symbol overlap; retarget audited legacy ARM EABI imports from LIBC_PRIVATE to the ABI-identical LIBC_N aliases exported by current Bionic
vendor/lib/lib-imsrcscmservice.so	vendor/lib/lib-imsrcscmservice.so	a7d1ec815e3edd596c214c77b404bda08e82a83192e463a0da9cf67d3da05caa	63016	ELF	ELF32	ARM	Huawei official driver vendor.img; OPM7.181205.001	retarget audited legacy ARM EABI imports from LIBC_PRIVATE to the ABI-identical LIBC_N aliases exported by current Bionic
vendor/lib/lib-imss.so	vendor/lib/lib-imss.so	649797a89151715ea77af09f30ef918dea1eb9537a62333ea77cdd4f75ee1a69	25749	ELF	ELF32	ARM	Huawei official driver vendor.img; OPM7.181205.001	add direct liblog DT_NEEDED for legacy Android log imports; retarget audited legacy ARM EABI imports from LIBC_PRIVATE to the ABI-identical LIBC_N aliases exported by current Bionic
vendor/lib/lib-imsxml.so	vendor/lib/lib-imsxml.so	d3d6d19f17b81583ae823948e2a3bf74a15922627fb23122ff61010d030ed44c	589384	ELF	ELF32	ARM	Huawei official driver vendor.img; OPM7.181205.001	retarget audited legacy ARM EABI imports from LIBC_PRIVATE to the ABI-identical LIBC_N aliases exported by current Bionic
vendor/lib/lib-rcsimssjni.so	vendor/lib/lib-rcsimssjni.so	33c95e67ab7e08082b80378cd3053a949925c99134e5088b307b72d21945d180	38332	ELF	ELF32	ARM	Huawei official driver vendor.img; OPM7.181205.001	retarget audited legacy ARM EABI imports from LIBC_PRIVATE to the ABI-identical LIBC_N aliases exported by current Bionic
vendor/lib/lib-rcsjni.so	vendor/lib/lib-rcsjni.so	a663151e4e8f2f3661d9f78d342c7acb5ca6b0b9fd6c0f060370e3e9d0a6fcde	239036	ELF	ELF32	ARM	Huawei official driver vendor.img; OPM7.181205.001	retarget audited legacy ARM EABI imports from LIBC_PRIVATE to the ABI-identical LIBC_N aliases exported by current Bionic
vendor/lib/lib-rtpcommon.so	vendor/lib/lib-rtpcommon.so	e4bfefe820492ac763179456ad93ff4d8c7cb69881607e9b88cb0c87093f785e	38360	ELF	ELF32	ARM	Huawei official driver vendor.img; OPM7.181205.001	retarget audited legacy ARM EABI imports from LIBC_PRIVATE to the ABI-identical LIBC_N aliases exported by current Bionic
vendor/lib/lib-rtpcore.so	vendor/lib/lib-rtpcore.so	f2978e72c8997074b3f2e98601591281594bb898b261fca7b080c1b8059c2c3c	321460	ELF	ELF32	ARM	Huawei official driver vendor.img; OPM7.181205.001	retarget audited legacy ARM EABI imports from LIBC_PRIVATE to the ABI-identical LIBC_N aliases exported by current Bionic
vendor/lib/lib-rtpdaemoninterface.so	vendor/lib/lib-rtpdaemoninterface.so	e218d4eecd4fba757c0a019e86436db95b8c064e5e8bca981c6c6abb09245a0a	21713	ELF	ELF32	ARM	Huawei official driver vendor.img; OPM7.181205.001	add direct liblog DT_NEEDED for legacy Android log imports; retarget audited legacy ARM EABI imports from LIBC_PRIVATE to the ABI-identical LIBC_N aliases exported by current Bionic
vendor/lib/lib-rtpsl.so	vendor/lib/lib-rtpsl.so	4c7c22470ee124aa5421ba3fef838fe0cd096b0925887254f29df85d95536379	62908	ELF	ELF32	ARM	Huawei official driver vendor.img; OPM7.181205.001	retarget audited legacy ARM EABI imports from LIBC_PRIVATE to the ABI-identical LIBC_N aliases exported by current Bionic
vendor/lib/libC2D2.so	vendor/lib/libC2D2.so	9030be92261e975a8b6e05429c370166cab5a40f5b45eda0294858f025a29f9c	129956	ELF	ELF32	ARM	Huawei official driver vendor.img; OPM7.181205.001	none
vendor/lib/libCB.so	vendor/lib/libCB.so	edf04671008bc824c89677ee7727ece5fdc601daa10a9e6e87fcac1832825948	1003948	ELF	ELF32	ARM	Huawei official driver vendor.img; OPM7.181205.001	none
vendor/lib/libQSEEComAPI.so	vendor/lib/libQSEEComAPI.so	9d2f9b264bdbee83a015f3c2014c665921e79c15d501426e45aba00af2dea996	34137	ELF	ELF32	ARM	Huawei official driver vendor.img; OPM7.181205.001	add direct liblog DT_NEEDED for legacy Android log imports; retarget audited legacy ARM EABI imports from LIBC_PRIVATE to the ABI-identical LIBC_N aliases exported by current Bionic
vendor/lib/libRSDriver_adreno.so	vendor/lib/libRSDriver_adreno.so	3fec26be99d515ee042eac457294ce7597964c8d49f13b47cbc587d0f32c396e	141744	ELF	ELF32	ARM	Huawei official driver vendor.img; OPM7.181205.001	none
vendor/lib/libacdb-fts.so	vendor/lib/libacdb-fts.so	0a96ff084b475ad2c03332bc25356eedca7e12b868c220bdffe4bba94674bb5f	16084	ELF	ELF32	ARM	Huawei official driver vendor.img; OPM7.181205.001	none
vendor/lib/libacdbloader.so	vendor/lib/libacdbloader.so	8ba103876de9677c91fd3746178f66185b447f178be6dd947185117359fd123d	54928	ELF	ELF32	ARM	Huawei official driver vendor.img; OPM7.181205.001	none
vendor/lib/libacdbmapper.so	vendor/lib/libacdbmapper.so	b26e5b2aa7e0ecf60da36d8742cc49a2e170b774739a28ecbd49807869acf582	17832	ELF	ELF32	ARM	Huawei official driver vendor.img; OPM7.181205.001	none
vendor/lib/libacdbrtac.so	vendor/lib/libacdbrtac.so	f95a4e5412083ced1ab2602189193842e5a286301231e82553021b6d434e12e9	24380	ELF	ELF32	ARM	Huawei official driver vendor.img; OPM7.181205.001	none
vendor/lib/libactuator_lc898212xd.so	vendor/lib/libactuator_lc898212xd.so	c78ae5377a0fb182d58db1c64f87b6819f100349c3c61b3a0cb3ba34f62dbd94	20280	ELF	ELF32	ARM	Huawei official driver vendor.img; OPM7.181205.001	none
vendor/lib/libactuator_lc898212xd_camcorder.so	vendor/lib/libactuator_lc898212xd_camcorder.so	b6dae1f28f79742740ee6e7de246547d5d438a8c5a9b5b60f8232cac92c7a95a	21048	ELF	ELF32	ARM	Huawei official driver vendor.img; OPM7.181205.001	none
vendor/lib/libactuator_lc898212xd_camera.so	vendor/lib/libactuator_lc898212xd_camera.so	46581b147d28392acd3a31b0f561b12b8e5ea04bd1380d0dafdee99db41ac785	21044	ELF	ELF32	ARM	Huawei official driver vendor.img; OPM7.181205.001	none
vendor/lib/libadiertac.so	vendor/lib/libadiertac.so	5c0d49851e73a16a9edea400d9edbeab13fe3f57a01725034db7ede9c56879f9	20588	ELF	ELF32	ARM	Huawei official driver vendor.img; OPM7.181205.001	none
vendor/lib/libadm.so	vendor/lib/libadm.so	33ef5a099afd3f5e86b89739323951fa7db1ece041be70685b697eeee64a7f2f	17980	ELF	ELF32	ARM	Huawei official driver vendor.img; OPM7.181205.001	retarget audited legacy ARM EABI imports from LIBC_PRIVATE to the ABI-identical LIBC_N aliases exported by current Bionic
vendor/lib/libadpcmdec.so	vendor/lib/libadpcmdec.so	0e4a2f62ad6322ca05c3b3990784d172d63ded77689b694bd20c5bcdc475843c	34236	ELF	ELF32	ARM	Huawei official driver vendor.img; OPM7.181205.001	retarget audited legacy ARM EABI imports from LIBC_PRIVATE to the ABI-identical LIBC_N aliases exported by current Bionic
vendor/lib/libadreno_utils.so	vendor/lib/libadreno_utils.so	e8f316ea8b3bbbfa86659cec10130076d0011ef06a94d4c571356a702609c1ec	33020	ELF	ELF32	ARM	Huawei official driver vendor.img; OPM7.181205.001	none
vendor/lib/libadsprpc.so	vendor/lib/libadsprpc.so	da7a73da597d229ac8f7d685b19ee33920e32121423ed31832d789c8406f0bff	58880	ELF	ELF32	ARM	Huawei official driver vendor.img; OPM7.181205.001	retarget audited legacy ARM EABI imports from LIBC_PRIVATE to the ABI-identical LIBC_N aliases exported by current Bionic
vendor/lib/libaudcal.so	vendor/lib/libaudcal.so	dd89d7ca6f8325594bfb3cb0e3c5371fb52044ad4b69ca6e6e4963b5af34bf2e	100600	ELF	ELF32	ARM	Google factory image exact; differs from Huawei driver package; local closure only; OPM7.181205.001	none
vendor/lib/libaudioalsa.so	vendor/lib/libaudioalsa.so	5444a608ab90bf82352378c38f027a484260c4dd90b8a1a8d54493542ee8d425	24424	ELF	ELF32	ARM	Huawei official driver vendor.img; OPM7.181205.001	none
vendor/lib/libbccQTI.so	vendor/lib/libbccQTI.so	519a27d3e86e751450f5e33f3dfda5b28a5f980d7e4809de841387cb32ed202a	16020	ELF	ELF32	ARM	Huawei official driver vendor.img; OPM7.181205.001	none
vendor/lib/libc2d30-a3xx.so	vendor/lib/libc2d30-a3xx.so	111eb703e9a033e69a494c8ce25075704261a9999f4ec8f854e7577d9282dc41	712620	ELF	ELF32	ARM	Huawei official driver vendor.img; OPM7.181205.001	none
vendor/lib/libc2d30-a4xx.so	vendor/lib/libc2d30-a4xx.so	28bdb0ffe849567915c6ef544858f4d570c585adaeebad2920c378b2f70da2d4	695368	ELF	ELF32	ARM	Huawei official driver vendor.img; OPM7.181205.001	none
vendor/lib/libchromatix_imx179_liteon_common.so	vendor/lib/libchromatix_imx179_liteon_common.so	da69783eabe4e2c835b8fbf2d120b23854ece1438f7583c5700215c965a43ac8	60192	ELF	ELF32	ARM	Huawei official driver vendor.img; OPM7.181205.001	none
vendor/lib/libchromatix_imx179_liteon_cpp_liveshot.so	vendor/lib/libchromatix_imx179_liteon_cpp_liveshot.so	968813ff2069cecbaede7299e14603c78973bca71648a40396135da49a476b2c	50940	ELF	ELF32	ARM	Huawei official driver vendor.img; OPM7.181205.001	none
vendor/lib/libchromatix_imx179_liteon_cpp_preview.so	vendor/lib/libchromatix_imx179_liteon_cpp_preview.so	5d4d78596b0c8c63658f3c91ecdd7997f97bf6267987612a5b443d86c9d82800	50940	ELF	ELF32	ARM	Huawei official driver vendor.img; OPM7.181205.001	none
vendor/lib/libchromatix_imx179_liteon_cpp_snapshot.so	vendor/lib/libchromatix_imx179_liteon_cpp_snapshot.so	c9df661431b80a8c2cfde37034cd80223057f9bce17be2d8602b36be40a14af2	50944	ELF	ELF32	ARM	Huawei official driver vendor.img; OPM7.181205.001	none
vendor/lib/libchromatix_imx179_liteon_cpp_video.so	vendor/lib/libchromatix_imx179_liteon_cpp_video.so	f86f85c939dc5e454beb50956eb7f2f0bb27ce6a8db04f41bbbebc287ce04e5b	50944	ELF	ELF32	ARM	Huawei official driver vendor.img; OPM7.181205.001	none
vendor/lib/libchromatix_imx179_liteon_default_video.so	vendor/lib/libchromatix_imx179_liteon_default_video.so	2e0542552cf2301e83ca70ff35a3f98e640693b7f4f3ae5e7f351f99543f5c6c	83116	ELF	ELF32	ARM	Huawei official driver vendor.img; OPM7.181205.001	none
vendor/lib/libchromatix_imx179_liteon_liveshot.so	vendor/lib/libchromatix_imx179_liteon_liveshot.so	e962e208173ac4a6eae49032bc882eaa8fdde4127712d2a9ce8d4d98f7d22116	83124	ELF	ELF32	ARM	Huawei official driver vendor.img; OPM7.181205.001	none
vendor/lib/libchromatix_imx179_liteon_postproc.so	vendor/lib/libchromatix_imx179_liteon_postproc.so	3ccec86dd5321b1146de54f086cd652689dda480fa4f41c2353300b3b0f30fe0	18576	ELF	ELF32	ARM	Huawei official driver vendor.img; OPM7.181205.001	none
vendor/lib/libchromatix_imx179_liteon_preview.so	vendor/lib/libchromatix_imx179_liteon_preview.so	2abef3e39416e5161e4d05c2635b7c7e93c8ce061e21ba0ee73389a9d78873fa	83128	ELF	ELF32	ARM	Huawei official driver vendor.img; OPM7.181205.001	none
vendor/lib/libchromatix_imx179_liteon_snapshot.so	vendor/lib/libchromatix_imx179_liteon_snapshot.so	67af717534195df0df1ee1bfb51c92a45b1f9b1d7457b6aefdc90953f6d91512	83124	ELF	ELF32	ARM	Huawei official driver vendor.img; OPM7.181205.001	none
vendor/lib/libchromatix_imx179_liteon_video_binning.so	vendor/lib/libchromatix_imx179_liteon_video_binning.so	da3b1cae024078202c7d87922d11c66cd7f21c2c86574a3d5c86c783d12f05e7	83116	ELF	ELF32	ARM	Huawei official driver vendor.img; OPM7.181205.001	none
vendor/lib/libchromatix_imx179_sunny_common.so	vendor/lib/libchromatix_imx179_sunny_common.so	5876b4270f71234b489cc8cbabcb61892a9f076178e637ca4e63d56f2f332034	60192	ELF	ELF32	ARM	Huawei official driver vendor.img; OPM7.181205.001	none
vendor/lib/libchromatix_imx179_sunny_cpp_liveshot.so	vendor/lib/libchromatix_imx179_sunny_cpp_liveshot.so	14fa6b3fba8584b90a96a07c26a5e3d83d334b155f84d932871a2499dbcfe950	50940	ELF	ELF32	ARM	Huawei official driver vendor.img; OPM7.181205.001	none
vendor/lib/libchromatix_imx179_sunny_cpp_preview.so	vendor/lib/libchromatix_imx179_sunny_cpp_preview.so	57e0eaf9ff570d02f23c6445ad00bde138aba16e99c3585a362246570cabbe5e	50940	ELF	ELF32	ARM	Huawei official driver vendor.img; OPM7.181205.001	none
vendor/lib/libchromatix_imx179_sunny_cpp_snapshot.so	vendor/lib/libchromatix_imx179_sunny_cpp_snapshot.so	319fdbadae0c0d461a558d6ce4a1d3d3a05d2aa865bd9f72eee558972f01b5da	50940	ELF	ELF32	ARM	Huawei official driver vendor.img; OPM7.181205.001	none
vendor/lib/libchromatix_imx179_sunny_cpp_video.so	vendor/lib/libchromatix_imx179_sunny_cpp_video.so	935d6577e3e1194317e85c2e3a83ceae5cefcf2510601d1901880a32dcf6096c	50944	ELF	ELF32	ARM	Huawei official driver vendor.img; OPM7.181205.001	none
vendor/lib/libchromatix_imx179_sunny_default_video.so	vendor/lib/libchromatix_imx179_sunny_default_video.so	c58a8f1b92de8360c4df146fd0e3fcce03d1e1803dec13a00e30c5c07e34ad4a	83116	ELF	ELF32	ARM	Huawei official driver vendor.img; OPM7.181205.001	none
vendor/lib/libchromatix_imx179_sunny_liveshot.so	vendor/lib/libchromatix_imx179_sunny_liveshot.so	3d28fee0a2bc0646e09df0e20923715c184517b05acbc775d67545aecdcbab00	83128	ELF	ELF32	ARM	Huawei official driver vendor.img; OPM7.181205.001	none
vendor/lib/libchromatix_imx179_sunny_postproc.so	vendor/lib/libchromatix_imx179_sunny_postproc.so	3b8f1773fc2a27ff7e5245e3621695cf2563b9b8c4c83f5df9903641707e628f	18576	ELF	ELF32	ARM	Huawei official driver vendor.img; OPM7.181205.001	none
vendor/lib/libchromatix_imx179_sunny_preview.so	vendor/lib/libchromatix_imx179_sunny_preview.so	a882ae4e1178418e765518fb8df6c9a28eac63309f724d6a40aa7803e1d2d3f4	83124	ELF	ELF32	ARM	Huawei official driver vendor.img; OPM7.181205.001	none
vendor/lib/libchromatix_imx179_sunny_snapshot.so	vendor/lib/libchromatix_imx179_sunny_snapshot.so	33eb0dcb7bd68a96de12912a1632ea361160cca1148323e49f4c50c10cb0674e	83124	ELF	ELF32	ARM	Huawei official driver vendor.img; OPM7.181205.001	none
vendor/lib/libchromatix_imx179_sunny_video_binning.so	vendor/lib/libchromatix_imx179_sunny_video_binning.so	5d9193a84477a5be0022970ca7c3c74e60615e6804c2e033d3648d9a7364e8b7	83116	ELF	ELF32	ARM	Huawei official driver vendor.img; OPM7.181205.001	none
vendor/lib/libchromatix_imx377_common.so	vendor/lib/libchromatix_imx377_common.so	37acec764bbd2aeb873c801b0235443aff3e9e989098485d5a2cc0640fdb7d94	60188	ELF	ELF32	ARM	Huawei official driver vendor.img; OPM7.181205.001	none
vendor/lib/libchromatix_imx377_cpp_hfr_120.so	vendor/lib/libchromatix_imx377_cpp_hfr_120.so	9cb57e874068f76ae4038113f8d53fdb5faa51ff1e534fa013083cf7be887cbc	50948	ELF	ELF32	ARM	Huawei official driver vendor.img; OPM7.181205.001	none
vendor/lib/libchromatix_imx377_cpp_hfr_240.so	vendor/lib/libchromatix_imx377_cpp_hfr_240.so	caf2c64597a2a74cc507f029266014ab795158d99e7718c30ac719d7a6cdffb2	50948	ELF	ELF32	ARM	Huawei official driver vendor.img; OPM7.181205.001	none
vendor/lib/libchromatix_imx377_cpp_hfr_60.so	vendor/lib/libchromatix_imx377_cpp_hfr_60.so	4774e137db00961d0bf7fa33e781e2a0a68fd0ef418addfdc9768374d5ed6496	50948	ELF	ELF32	ARM	Huawei official driver vendor.img; OPM7.181205.001	none
vendor/lib/libchromatix_imx377_cpp_hfr_90.so	vendor/lib/libchromatix_imx377_cpp_hfr_90.so	638796b86f8565f71b4d93dc6e9a102280579cc053764a190eaadb06325f565f	50948	ELF	ELF32	ARM	Huawei official driver vendor.img; OPM7.181205.001	none
vendor/lib/libchromatix_imx377_cpp_liveshot.so	vendor/lib/libchromatix_imx377_cpp_liveshot.so	749ca3d42784e667d3a31d52c162ade45f2c5d34e12aa03be98aa91f810928d2	50948	ELF	ELF32	ARM	Huawei official driver vendor.img; OPM7.181205.001	none
vendor/lib/libchromatix_imx377_cpp_preview.so	vendor/lib/libchromatix_imx377_cpp_preview.so	658839e522399addab8bdda4f42ebd35594ef7f0b72acab7b8a80cbf5478de17	50948	ELF	ELF32	ARM	Huawei official driver vendor.img; OPM7.181205.001	none
vendor/lib/libchromatix_imx377_cpp_snapshot.so	vendor/lib/libchromatix_imx377_cpp_snapshot.so	b5bfdb12a50fcd7d44c3b99f675f3c901d8629b2275331e86b5fd8ae0de2dd4e	50948	ELF	ELF32	ARM	Huawei official driver vendor.img; OPM7.181205.001	none
vendor/lib/libchromatix_imx377_cpp_uhd_video.so	vendor/lib/libchromatix_imx377_cpp_uhd_video.so	5efcb50eab21ad77ac8745aa446dc400d4ace7bd7c1d898dbda564aa55596f86	50944	ELF	ELF32	ARM	Huawei official driver vendor.img; OPM7.181205.001	none
vendor/lib/libchromatix_imx377_cpp_video.so	vendor/lib/libchromatix_imx377_cpp_video.so	3143ea14a6f4148519cd1bbb4b38e7aeb918e941457c4b22b6366911bfa9a5d3	50948	ELF	ELF32	ARM	Huawei official driver vendor.img; OPM7.181205.001	none
vendor/lib/libchromatix_imx377_default_video.so	vendor/lib/libchromatix_imx377_default_video.so	e43dfe6e39270ac97c369202503885341de76f7d60bd00b5eeb4b34d9991a7c7	83124	ELF	ELF32	ARM	Huawei official driver vendor.img; OPM7.181205.001	none
vendor/lib/libchromatix_imx377_hfr_120.so	vendor/lib/libchromatix_imx377_hfr_120.so	9ab1e8f792218b798a48f920d940b4ffb77f7f43ed515a9368b9fce5c82d1670	83116	ELF	ELF32	ARM	Huawei official driver vendor.img; OPM7.181205.001	none
vendor/lib/libchromatix_imx377_hfr_240.so	vendor/lib/libchromatix_imx377_hfr_240.so	7b066a21e0922e988d683c70930d3383d2928f3a7bb64192c162b4494ab8cec4	83116	ELF	ELF32	ARM	Huawei official driver vendor.img; OPM7.181205.001	none
vendor/lib/libchromatix_imx377_hfr_60.so	vendor/lib/libchromatix_imx377_hfr_60.so	389b5961b298aa58344f093ca37f54d2a275491f6b74ce02e2e46c16fc0a5bae	83116	ELF	ELF32	ARM	Huawei official driver vendor.img; OPM7.181205.001	none
vendor/lib/libchromatix_imx377_hfr_90.so	vendor/lib/libchromatix_imx377_hfr_90.so	146f5397327cefb14235c2f1be3a739ccd659d7f8bdf8ba87e877e4c68f4d305	83116	ELF	ELF32	ARM	Huawei official driver vendor.img; OPM7.181205.001	none
vendor/lib/libchromatix_imx377_liveshot.so	vendor/lib/libchromatix_imx377_liveshot.so	c44a70928deaca350d2c405a87fe0276b25cc2f31d909f88b582279d87bd0577	83116	ELF	ELF32	ARM	Huawei official driver vendor.img; OPM7.181205.001	none
vendor/lib/libchromatix_imx377_postproc.so	vendor/lib/libchromatix_imx377_postproc.so	e70368d603c94cb8f118ff88381a0b16546ae932bcfec2de6569253f357954bd	18580	ELF	ELF32	ARM	Huawei official driver vendor.img; OPM7.181205.001	none
vendor/lib/libchromatix_imx377_preview.so	vendor/lib/libchromatix_imx377_preview.so	0f8cb998be612b5c954e8ba0e8b5663fcef93351ae1b885de30df0a0235cee55	83116	ELF	ELF32	ARM	Huawei official driver vendor.img; OPM7.181205.001	none
vendor/lib/libchromatix_imx377_snapshot.so	vendor/lib/libchromatix_imx377_snapshot.so	cd0e73e69b3bd5cf92463dface70c48f8702865257363608fae9092563f28a24	83116	ELF	ELF32	ARM	Huawei official driver vendor.img; OPM7.181205.001	none
vendor/lib/libcne.so	vendor/lib/libcne.so	2befd4bbeedf03c64428e37441ebb44f85fc586b14441f656d9d586b668a5730	319513	ELF	ELF32	ARM	Huawei official driver vendor.img; OPM7.181205.001	add direct liblog DT_NEEDED for legacy Android log imports
vendor/lib/libcneapiclient.so	vendor/lib/libcneapiclient.so	cae72015f79d05c1a2d4bb148ba429d256616f62864b984a5bad624a515d5c3e	107793	ELF	ELF32	ARM	Huawei official driver vendor.img; OPM7.181205.001	add direct liblog DT_NEEDED for legacy Android log imports; retarget audited legacy ARM EABI imports from LIBC_PRIVATE to the ABI-identical LIBC_N aliases exported by current Bionic
vendor/lib/libconfigdb.so	vendor/lib/libconfigdb.so	704f364b704d1dec22b34945b1b2a04b009067357d408430679e6a9298d7dd98	21948	ELF	ELF32	ARM	Huawei official driver vendor.img; OPM7.181205.001	retarget audited legacy ARM EABI imports from LIBC_PRIVATE to the ABI-identical LIBC_N aliases exported by current Bionic
vendor/lib/libdiag.so	vendor/lib/libdiag.so	037d928968f1c10c99353cddf64f7aed6f8acbd8178a8ff9e585b486a60146b8	88940	ELF	ELF32	ARM	Huawei official driver vendor.img; OPM7.181205.001	none
vendor/lib/libdrmfs.so	vendor/lib/libdrmfs.so	79a7c5dea026e32b7f6b0561a408c74139d71d57ae5a901ad9c33fba5f8b2f0c	26044	ELF	ELF32	ARM	Huawei official driver vendor.img; OPM7.181205.001	retarget audited legacy ARM EABI imports from LIBC_PRIVATE to the ABI-identical LIBC_N aliases exported by current Bionic
vendor/lib/libdrmtime.so	vendor/lib/libdrmtime.so	2947fdd870efdd1c1d1627128a7950aa470a78d2ffe0c53a9323148c28bcea2c	17852	ELF	ELF32	ARM	Huawei official driver vendor.img; OPM7.181205.001	retarget audited legacy ARM EABI imports from LIBC_PRIVATE to the ABI-identical LIBC_N aliases exported by current Bionic
vendor/lib/libdsi_netctrl.so	vendor/lib/libdsi_netctrl.so	5338a248a4044ddb040a3e22cd227adebdb2667da3cc7b564d5530353b73bc0f	233280	ELF	ELF32	ARM	Huawei official driver vendor.img; OPM7.181205.001	retarget audited legacy ARM EABI imports from LIBC_PRIVATE to the ABI-identical LIBC_N aliases exported by current Bionic
vendor/lib/libdsutils.so	vendor/lib/libdsutils.so	0fd1d0ca1c486d22af7268e7f3eb35cae8a990453296e040129400835b8520da	54728	ELF	ELF32	ARM	Huawei official driver vendor.img; OPM7.181205.001	retarget audited legacy ARM EABI imports from LIBC_PRIVATE to the ABI-identical LIBC_N aliases exported by current Bionic
vendor/lib/libflash_pmic.so	vendor/lib/libflash_pmic.so	67ba730b6776c4bef7cb7cabab2a91f40aea113b53627521bf65762ef97ffafa	17944	ELF	ELF32	ARM	Huawei official driver vendor.img; OPM7.181205.001	none
vendor/lib/libgoog_eis_armeabi-v7a.so	vendor/lib/libgoog_eis_armeabi-v7a.so	cb6bee022542bc1d8f6658323db1b12322b18c6bfdf8d4f47abc997646b95192	1274269	ELF	ELF32	ARM	Huawei official driver vendor.img; OPM7.181205.001	replace DT_NEEDED libstdc++.so with source-built libstdc++_vendor.so
vendor/lib/libgoog_rownr.so	vendor/lib/libgoog_rownr.so	f32898b3a1458cbc279192b7115f246bea6dfd7950ab91ce0712405a7b7f7ce4	27333	ELF	ELF32	ARM	Huawei official driver vendor.img; OPM7.181205.001	replace DT_NEEDED libstdc++.so with source-built libstdc++_vendor.so
vendor/lib/libgsl.so	vendor/lib/libgsl.so	40c3b82d24544e5f78784903409f0ea53e550bfa1aaccc13a104dd7eda1e055c	1053608	ELF	ELF32	ARM	Huawei official driver vendor.img; OPM7.181205.001	none
vendor/lib/libidl.so	vendor/lib/libidl.so	9864413d1af60b9143eac3af086d71d80e109fe4af851fc124caab786e3e6900	20340	ELF	ELF32	ARM	Huawei official driver vendor.img; OPM7.181205.001	none
vendor/lib/libimscamera_jni.so	vendor/lib/libimscamera_jni.so	ff2ab2fbdeee49df3c83aee046815f133db831ce1172f9ffca2e4538d9291faf	20856	ELF	ELF32	ARM	Huawei official driver vendor.img; OPM7.181205.001	none
vendor/lib/libimsmedia_jni.so	vendor/lib/libimsmedia_jni.so	92ff11f0f1ecdcedb4258ef47e18c369db1c2a0d9167dfeec3d99d3777f97284	25572	ELF	ELF32	ARM	Huawei official driver vendor.img; OPM7.181205.001	none
vendor/lib/libjpegdhw.so	vendor/lib/libjpegdhw.so	e82dac34b3241538b29076e29bb98fff95fc96f818e2e08e677a4c48f691d533	32700	ELF	ELF32	ARM	Huawei official driver vendor.img; OPM7.181205.001	none
vendor/lib/libjpegdmahw.so	vendor/lib/libjpegdmahw.so	3059e8e9c84edb850383ec752d3b6723bcbcc3dfdbd3fc0b8d148bdafd5f5563	33296	ELF	ELF32	ARM	Huawei official driver vendor.img; OPM7.181205.001	none
vendor/lib/libjpegehw.so	vendor/lib/libjpegehw.so	99a991f791d49f108925c3c40ac44132ecf59719b8532380409628fb879d88d8	33764	ELF	ELF32	ARM	Huawei official driver vendor.img; OPM7.181205.001	none
vendor/lib/libkmcrypto.so	vendor/lib/libkmcrypto.so	968d85fbe3d4d402e02ad6c1709a776fda352ee26ead6537c430a36a25e8342a	20456	ELF	ELF32	ARM	Huawei official driver vendor.img; OPM7.181205.001	none
vendor/lib/liblistensoundmodel2.so	vendor/lib/liblistensoundmodel2.so	587eb5117894612cb60c4e8d103c7056d6f236075d5984b9c4d0ee4c66794a37	916116	ELF	ELF32	ARM	Huawei official driver vendor.img; OPM7.181205.001	retarget audited legacy ARM EABI imports from LIBC_PRIVATE to the ABI-identical LIBC_N aliases exported by current Bionic
vendor/lib/libllvm-glnext.so	vendor/lib/libllvm-glnext.so	d9efba24c71aa83359fe6c5fc4d66fb6c55e10537cc59857fc9a9056ee7c19a5	9712964	ELF	ELF32	ARM	Huawei official driver vendor.img; OPM7.181205.001	none
vendor/lib/libllvm-qcom.so	vendor/lib/libllvm-qcom.so	e203f9e0b1dc53d266e4169c756a615f650ae5110e7eda585f9efe31928e8aab	16122792	ELF	ELF32	ARM	Huawei official driver vendor.img; OPM7.181205.001	none
vendor/lib/libllvm-qgl.so	vendor/lib/libllvm-qgl.so	c51c4421a8b20aeb42f80f7b5bea100078986e0f28e78c8cfc07d1394b6ac07a	8198664	ELF	ELF32	ARM	Huawei official driver vendor.img; OPM7.181205.001	none
vendor/lib/libloc_api_v02.so	vendor/lib/libloc_api_v02.so	14162a0b5db6d9aeac0d38d0943ffab0a05c02b292fa2ff4a647abf24b45aec0	129120	ELF	ELF32	ARM	Huawei official driver vendor.img; OPM7.181205.001	none
vendor/lib/libloc_ds_api.so	vendor/lib/libloc_ds_api.so	5e97519c9d1e55a048fb3e01c366918357db0483973c27ad13ba3e4f12b0a611	28596	ELF	ELF32	ARM	Huawei official driver vendor.img; OPM7.181205.001	none
vendor/lib/libmdmdetect.so	vendor/lib/libmdmdetect.so	14a69ff16d378281fff431c610e6938e50b61f1cadf6e95b0e8664a5a465b1f0	20280	ELF	ELF32	ARM	Huawei official driver vendor.img; OPM7.181205.001	none
vendor/lib/libmdsprpc.so	vendor/lib/libmdsprpc.so	7f8c952c125ded89eb41e4b010b5aad2100ce71ca7e0afcf69f380c31383f25a	58880	ELF	ELF32	ARM	Huawei official driver vendor.img; OPM7.181205.001	retarget audited legacy ARM EABI imports from LIBC_PRIVATE to the ABI-identical LIBC_N aliases exported by current Bionic
vendor/lib/libmm-abl-oem.so	vendor/lib/libmm-abl-oem.so	29fb1dce2017fb892bcccf89e1d1e359d3ae6846e8025975b61f69a9ba731b3f	16072	ELF	ELF32	ARM	Huawei official driver vendor.img; OPM7.181205.001	none
vendor/lib/libmm-abl.so	vendor/lib/libmm-abl.so	815345616f25f798e31128088c142d148a3d52329e876741730d8a35b2f2772f	145448	ELF	ELF32	ARM	Huawei official driver vendor.img; OPM7.181205.001	retarget audited legacy ARM EABI imports from LIBC_PRIVATE to the ABI-identical LIBC_N aliases exported by current Bionic
vendor/lib/libmm-als.so	vendor/lib/libmm-als.so	030fd1b2fc05001c2091b0be6fefdfb4da6ed510da8aa1e6b570eb4ae967a39e	20480	ELF	ELF32	ARM	Huawei official driver vendor.img; OPM7.181205.001	none
vendor/lib/libmm-disp-apis.so	vendor/lib/libmm-disp-apis.so	e0b2b10116ad920103410ab5fa13c3016b882f5f8b346e1c116a8b73594e2992	34380	ELF	ELF32	ARM	Huawei official driver vendor.img; OPM7.181205.001	retarget audited legacy ARM EABI imports from LIBC_PRIVATE to the ABI-identical LIBC_N aliases exported by current Bionic
vendor/lib/libmm-qdcm.so	vendor/lib/libmm-qdcm.so	8a70fa27cb7cd36156a41aa30b8205c73c52ea0a6cb82ea48ce5cf45f77de172	79480	ELF	ELF32	ARM	Huawei official driver vendor.img; OPM7.181205.001	remove unused DT_NEEDED libqdutils.so; zero imported-symbol overlap; retarget audited legacy ARM EABI imports from LIBC_PRIVATE to the ABI-identical LIBC_N aliases exported by current Bionic
vendor/lib/libmmcamera2_c2d_module.so	vendor/lib/libmmcamera2_c2d_module.so	8c9b184bdfbe7b44031d5c663c71382440d30d1111be4787ffe2e444db7a675f	57908	ELF	ELF32	ARM	Huawei official driver vendor.img; OPM7.181205.001	none
vendor/lib/libmmcamera2_cpp_module.so	vendor/lib/libmmcamera2_cpp_module.so	606b42d28d2a7f5ba539d06cd74b42a7a6d3b7b3f6e443a7bcf9ef09a38eadde	155948	ELF	ELF32	ARM	Huawei official driver vendor.img; OPM7.181205.001	none
vendor/lib/libmmcamera2_frame_algorithm.so	vendor/lib/libmmcamera2_frame_algorithm.so	d0d6e91c33a59cf00739b3e4c2a177c66fd445b7e02aa93068d2f461dfdaeee6	21193	ELF	ELF32	ARM	Huawei official driver vendor.img; OPM7.181205.001	add direct liblog DT_NEEDED for legacy Android log imports; retarget audited legacy ARM EABI imports from LIBC_PRIVATE to the ABI-identical LIBC_N aliases exported by current Bionic
vendor/lib/libmmcamera2_iface_modules.so	vendor/lib/libmmcamera2_iface_modules.so	bbb97873e67a375e081d70273dc223f1dea92776dbd20957cbf63e9ab41b0b65	158056	ELF	ELF32	ARM	Huawei official driver vendor.img; OPM7.181205.001	none
vendor/lib/libmmcamera2_imglib_modules.so	vendor/lib/libmmcamera2_imglib_modules.so	bc676ea41e9b3c715b68d22098c6ad3e24fbc0edc7719748c81e6e27ccaa07fe	327728	ELF	ELF32	ARM	Google factory image exact; differs from Huawei driver package; local closure only; OPM7.181205.001	none
vendor/lib/libmmcamera2_is.so	vendor/lib/libmmcamera2_is.so	b69b2e2a646529c0b7a389f7170d3d0830c1764198619bd1e950b1a30f75e566	64461	ELF	ELF32	ARM	Huawei official driver vendor.img; OPM7.181205.001	add direct liblog DT_NEEDED for legacy Android log imports; retarget audited legacy ARM EABI imports from LIBC_PRIVATE to the ABI-identical LIBC_N aliases exported by current Bionic
vendor/lib/libmmcamera2_isp_modules.so	vendor/lib/libmmcamera2_isp_modules.so	c6ade067992a8dbd48e21daef47fbddaf872421266c24bd01697f75ccbb389a7	236108	ELF	ELF32	ARM	Google factory image exact; differs from Huawei driver package; local closure only; OPM7.181205.001	move CBNZ before mutex destruction for Android P FORTIFY; PixelBoot provenance 1b95fec2e5f4e5c2432e5885d5ef705e82ecb245
vendor/lib/libmmcamera2_pp_buf_mgr.so	vendor/lib/libmmcamera2_pp_buf_mgr.so	2be2e0140fc206ee39933fa57985d9f9fa24390db9e1eab1a2d70ad2da6dc992	20332	ELF	ELF32	ARM	Huawei official driver vendor.img; OPM7.181205.001	none
vendor/lib/libmmcamera2_pproc_modules.so	vendor/lib/libmmcamera2_pproc_modules.so	95ee49886f1c52058beb3d67c3a56259eba1e272e03f002c17e16bcc5c439655	49844	ELF	ELF32	ARM	Huawei official driver vendor.img; OPM7.181205.001	none
vendor/lib/libmmcamera2_q3a_core.so	vendor/lib/libmmcamera2_q3a_core.so	43fcc7fc66da334746b9b83712c822feab0b257a06359a5033b644d0cdc31bd4	387533	ELF	ELF32	ARM	Huawei official driver vendor.img; OPM7.181205.001	add direct liblog DT_NEEDED for legacy Android log imports
vendor/lib/libmmcamera2_sensor_debug.so	vendor/lib/libmmcamera2_sensor_debug.so	2120c352b82853f39184b53ac3ec3a6d6392ef7047346f63d6e0f2645abc47a0	16140	ELF	ELF32	ARM	Google factory image exact; differs from Huawei driver package; local closure only; OPM7.181205.001	none
vendor/lib/libmmcamera2_sensor_modules.so	vendor/lib/libmmcamera2_sensor_modules.so	2f9949e423c8bb65089fb0264a3ab812274efde578a300b789f6626c2e1d6803	238000	ELF	ELF32	ARM	Google factory image exact; differs from Huawei driver package; local closure only; OPM7.181205.001	none
vendor/lib/libmmcamera2_stats_algorithm.so	vendor/lib/libmmcamera2_stats_algorithm.so	059aec9c92962087950e8a04a7bd7b0a41e14a8f9b6ee88c3b0490914457dd58	97317	ELF	ELF32	ARM	Huawei official driver vendor.img; OPM7.181205.001	add direct liblog DT_NEEDED for legacy Android log imports; retarget audited legacy ARM EABI imports from LIBC_PRIVATE to the ABI-identical LIBC_N aliases exported by current Bionic
vendor/lib/libmmcamera2_stats_modules.so	vendor/lib/libmmcamera2_stats_modules.so	921c436b134960fddf027fe95778b6d9a44a27ec0618bdccd5a0c43ed58e6902	255784	ELF	ELF32	ARM	Google factory image exact; differs from Huawei driver package; local closure only; OPM7.181205.001	none
vendor/lib/libmmcamera2_vpe_module.so	vendor/lib/libmmcamera2_vpe_module.so	15197c312c72ad1a14e6b849f29be6ce5bb23209e2dd985fcf4c5f5555ff56da	54656	ELF	ELF32	ARM	Huawei official driver vendor.img; OPM7.181205.001	none
vendor/lib/libmmcamera2_wnr_module.so	vendor/lib/libmmcamera2_wnr_module.so	a90fd7a4dbfd622801c8e126c2a8ab80db31f67ff480fcf280835a145867b744	16040	ELF	ELF32	ARM	Huawei official driver vendor.img; OPM7.181205.001	none
vendor/lib/libmmcamera_cac2_lib.so	vendor/lib/libmmcamera_cac2_lib.so	7c2077c64f2629ef2eb22906717a6edad969c030b2b7dac151110e0b0c1418c1	174141	ELF	ELF32	ARM	Huawei official driver vendor.img; OPM7.181205.001	add direct liblog DT_NEEDED for legacy Android log imports
vendor/lib/libmmcamera_dw9761b_eeprom.so	vendor/lib/libmmcamera_dw9761b_eeprom.so	ec5df631fab8256b62ed67bcab8b3b6f0005d8936f7d0654b9f69f78bef6ba18	24388	ELF	ELF32	ARM	Huawei official driver vendor.img; OPM7.181205.001	none
vendor/lib/libmmcamera_eeprom_util.so	vendor/lib/libmmcamera_eeprom_util.so	3a5b58277ffe0dbdb75244ab2dda0cd784b8cc1162db99bc1ce99baeb5ff6463	24416	ELF	ELF32	ARM	Huawei official driver vendor.img; OPM7.181205.001	none
vendor/lib/libmmcamera_eztune_module.so	vendor/lib/libmmcamera_eztune_module.so	7eb2918ad118bab2e51dc07987bd2390c58ee7db6151a7c98a5f429825021092	20388	ELF	ELF32	ARM	Huawei official driver vendor.img; OPM7.181205.001	none
vendor/lib/libmmcamera_faceproc.so	vendor/lib/libmmcamera_faceproc.so	219be0d05c8a87ff02b771a0f6cbf43339590658d3688d6612780181434d2e2f	1263533	ELF	ELF32	ARM	Huawei official driver vendor.img; OPM7.181205.001	replace DT_NEEDED libstdc++.so with source-built libstdc++_vendor.so
vendor/lib/libmmcamera_imglib.so	vendor/lib/libmmcamera_imglib.so	a7e4edb1bc14adee37eb12b8c3ac57c56c990339d1474734ace5b7e9df10da63	283844	ELF	ELF32	ARM	Google factory image exact; differs from Huawei driver package; local closure only; OPM7.181205.001	none
vendor/lib/libmmcamera_imx179_liteon.so	vendor/lib/libmmcamera_imx179_liteon.so	308b3c85bd77458b6b1c334c27278b42c650180030953d0714a7187216afd5ff	23648	ELF	ELF32	ARM	Huawei official driver vendor.img; OPM7.181205.001	none
vendor/lib/libmmcamera_imx179_sunny.so	vendor/lib/libmmcamera_imx179_sunny.so	fe62d25dc9f158669ec84d11bd2c47216f0165c9db2c910a0f7a7cbb2b35792d	23648	ELF	ELF32	ARM	Huawei official driver vendor.img; OPM7.181205.001	none
vendor/lib/libmmcamera_imx377.so	vendor/lib/libmmcamera_imx377.so	3c1f5d3583f88b3592eaf21afad8bd65b7b054a87ec178c74541f252b19d22bc	24908	ELF	ELF32	ARM	Huawei official driver vendor.img; OPM7.181205.001	none
vendor/lib/libmmcamera_isp_abcc44.so	vendor/lib/libmmcamera_isp_abcc44.so	7e814eb6ae27949f257d82c635a92fc452ad14353216b0e73a5a3f40e6c177b0	24824	ELF	ELF32	ARM	Huawei official driver vendor.img; OPM7.181205.001	none
vendor/lib/libmmcamera_isp_abf44.so	vendor/lib/libmmcamera_isp_abf44.so	2281299c012c05278beb7b27bab3b873a7d1b4d89da45d7b0c54288b0d489ede	49476	ELF	ELF32	ARM	Huawei official driver vendor.img; OPM7.181205.001	none
vendor/lib/libmmcamera_isp_bcc44.so	vendor/lib/libmmcamera_isp_bcc44.so	0ad9dbe226447594535b94e12b476d923bacbe6c238552a6cfbb9483ad33a8b5	24948	ELF	ELF32	ARM	Huawei official driver vendor.img; OPM7.181205.001	none
vendor/lib/libmmcamera_isp_be_stats44.so	vendor/lib/libmmcamera_isp_be_stats44.so	5454ff058b0e16616893c742555ea92f6d85119caa78bcc31d4247ff58d2830f	24916	ELF	ELF32	ARM	Huawei official driver vendor.img; OPM7.181205.001	none
vendor/lib/libmmcamera_isp_bf_scale_stats46.so	vendor/lib/libmmcamera_isp_bf_scale_stats46.so	206a25d9d95483f7baf69617aac7967a57f12fd5c47684402367577e5cc3328d	24956	ELF	ELF32	ARM	Huawei official driver vendor.img; OPM7.181205.001	none
vendor/lib/libmmcamera_isp_bf_stats44.so	vendor/lib/libmmcamera_isp_bf_stats44.so	00a65f7b9369ee844a968b9cbc392886f360dddb301a5fb3871172461fa0ba29	24940	ELF	ELF32	ARM	Huawei official driver vendor.img; OPM7.181205.001	none
vendor/lib/libmmcamera_isp_bg_stats46.so	vendor/lib/libmmcamera_isp_bg_stats46.so	0024a6a9220e68579f315a09bc0d909797a17bd5a4f58d9da1b225d27172b4df	24924	ELF	ELF32	ARM	Huawei official driver vendor.img; OPM7.181205.001	none
vendor/lib/libmmcamera_isp_bhist_stats44.so	vendor/lib/libmmcamera_isp_bhist_stats44.so	568065ef8b0d2ee47b66d457a802df8626e9f265da1daf26869e058a89c8fd87	20796	ELF	ELF32	ARM	Huawei official driver vendor.img; OPM7.181205.001	none
vendor/lib/libmmcamera_isp_bpc44.so	vendor/lib/libmmcamera_isp_bpc44.so	e442425cf1fa1173d35b12e2ae39341accac0d39a8f69347feae59f9f621c3c0	33256	ELF	ELF32	ARM	Huawei official driver vendor.img; OPM7.181205.001	none
vendor/lib/libmmcamera_isp_chroma_enhan40.so	vendor/lib/libmmcamera_isp_chroma_enhan40.so	d3c3d2d0747cae57ca60edf16fdf8702982974a33d4833af8abfb9157d8e8394	29100	ELF	ELF32	ARM	Huawei official driver vendor.img; OPM7.181205.001	none
vendor/lib/libmmcamera_isp_chroma_suppress40.so	vendor/lib/libmmcamera_isp_chroma_suppress40.so	927e9fcb23c422253e7b9ae3801066c0a5af9f724e5cce8083341982c7122dc9	20792	ELF	ELF32	ARM	Huawei official driver vendor.img; OPM7.181205.001	none
vendor/lib/libmmcamera_isp_clamp_encoder40.so	vendor/lib/libmmcamera_isp_clamp_encoder40.so	000c42d4b0cfb41f3b2c2bbeb4a1f1166d495f74a0bcaffb18110c6936ccee15	20632	ELF	ELF32	ARM	Huawei official driver vendor.img; OPM7.181205.001	none
vendor/lib/libmmcamera_isp_clamp_video40.so	vendor/lib/libmmcamera_isp_clamp_video40.so	eb03a07f11818441c8c49043a0262e58a6f2f52986405e8f4a961c427e4bb7bd	20632	ELF	ELF32	ARM	Huawei official driver vendor.img; OPM7.181205.001	none
vendor/lib/libmmcamera_isp_clamp_viewfinder40.so	vendor/lib/libmmcamera_isp_clamp_viewfinder40.so	d55c3f8a42800945f8a370d36b2d96f13cf96c066227a3ff8bf783127a3afb5b	20632	ELF	ELF32	ARM	Huawei official driver vendor.img; OPM7.181205.001	none
vendor/lib/libmmcamera_isp_clf46.so	vendor/lib/libmmcamera_isp_clf46.so	001547badd227b89524b1bc4e306506a5b8e8e9a320d94e917711a293685f182	20680	ELF	ELF32	ARM	Huawei official driver vendor.img; OPM7.181205.001	none
vendor/lib/libmmcamera_isp_color_correct46.so	vendor/lib/libmmcamera_isp_color_correct46.so	466ca9aba4c4491eac036c37c1d4521d5ca849c816c4cce8d441b373ba5193b2	29064	ELF	ELF32	ARM	Huawei official driver vendor.img; OPM7.181205.001	none
vendor/lib/libmmcamera_isp_color_xform_encoder46.so	vendor/lib/libmmcamera_isp_color_xform_encoder46.so	f5607362622ebbbee31c801d8f853acc9e33df97dacf6543f092f20933de6f9e	20656	ELF	ELF32	ARM	Huawei official driver vendor.img; OPM7.181205.001	none
vendor/lib/libmmcamera_isp_color_xform_video46.so	vendor/lib/libmmcamera_isp_color_xform_video46.so	652047184804637402d3ee840274993af1f685fc84f6f522376d17f53e7c3dd9	20656	ELF	ELF32	ARM	Huawei official driver vendor.img; OPM7.181205.001	none
vendor/lib/libmmcamera_isp_color_xform_viewfinder46.so	vendor/lib/libmmcamera_isp_color_xform_viewfinder46.so	06b604313083c16470968f1eb2d678616a87bbbcf8b62a6406ba55d50053583a	20652	ELF	ELF32	ARM	Huawei official driver vendor.img; OPM7.181205.001	none
vendor/lib/libmmcamera_isp_demosaic44.so	vendor/lib/libmmcamera_isp_demosaic44.so	e9e6d1bef83bd80fb5b57ce135693a97b9a40ed74144c19fd1f64d13a33521c8	24824	ELF	ELF32	ARM	Huawei official driver vendor.img; OPM7.181205.001	none
vendor/lib/libmmcamera_isp_demux40.so	vendor/lib/libmmcamera_isp_demux40.so	3c3e609786664936e0ee46d2681eee23e78726ae9ec19b87250c064b23d170a2	24824	ELF	ELF32	ARM	Huawei official driver vendor.img; OPM7.181205.001	none
vendor/lib/libmmcamera_isp_fovcrop_encoder46.so	vendor/lib/libmmcamera_isp_fovcrop_encoder46.so	b27761ef9fb1c5bad5176b77d9fc321abb5ef9b2532b7c33e53a6fb45a966440	33052	ELF	ELF32	ARM	Huawei official driver vendor.img; OPM7.181205.001	none
vendor/lib/libmmcamera_isp_fovcrop_video46.so	vendor/lib/libmmcamera_isp_fovcrop_video46.so	f3dd6becd84702ce602ccd42b3df60a35cbc66123524abfd9a2c802e43341816	33060	ELF	ELF32	ARM	Huawei official driver vendor.img; OPM7.181205.001	none
vendor/lib/libmmcamera_isp_fovcrop_viewfinder46.so	vendor/lib/libmmcamera_isp_fovcrop_viewfinder46.so	eca8bdf7940e805ebf3b1a7959e2f6618ce713b91d5c48fd8c1277642f5a9fae	33060	ELF	ELF32	ARM	Huawei official driver vendor.img; OPM7.181205.001	none
vendor/lib/libmmcamera_isp_gamma44.so	vendor/lib/libmmcamera_isp_gamma44.so	1e8aa23d93130111969cb9c385920e483b95b578a26c2601dada2e77ae81cbe7	33240	ELF	ELF32	ARM	Huawei official driver vendor.img; OPM7.181205.001	none
vendor/lib/libmmcamera_isp_hdr46.so	vendor/lib/libmmcamera_isp_hdr46.so	ce8de662c9082910a476dd16e9f2c787790873701435f9b2dce4f53975020afc	24776	ELF	ELF32	ARM	Huawei official driver vendor.img; OPM7.181205.001	none
vendor/lib/libmmcamera_isp_hdr_be_stats46.so	vendor/lib/libmmcamera_isp_hdr_be_stats46.so	947d522f32e273579cec4d54435e652fc91299040f1453a12691886b6924e965	24924	ELF	ELF32	ARM	Huawei official driver vendor.img; OPM7.181205.001	none
vendor/lib/libmmcamera_isp_linearization40.so	vendor/lib/libmmcamera_isp_linearization40.so	58440f7f97f43a7b4f41befd584a18db0ebe68aa24ce9fc27c97399afd32c408	33476	ELF	ELF32	ARM	Huawei official driver vendor.img; OPM7.181205.001	none
vendor/lib/libmmcamera_isp_ltm44.so	vendor/lib/libmmcamera_isp_ltm44.so	8dd5743eecb5d373f78f4e307c5c7ab02c0abc74874dbbf457010aff91a75c0c	42612	ELF	ELF32	ARM	Huawei official driver vendor.img; OPM7.181205.001	none
vendor/lib/libmmcamera_isp_mce40.so	vendor/lib/libmmcamera_isp_mce40.so	96b19636926d7c8216e3de16ece557ab3ac1b0c605a625ddfed5e203f5f198da	24820	ELF	ELF32	ARM	Huawei official driver vendor.img; OPM7.181205.001	none
vendor/lib/libmmcamera_isp_mesh_rolloff44.so	vendor/lib/libmmcamera_isp_mesh_rolloff44.so	0ffc04b4749466a7941656d4da2d0627a5300858f3ea1a5be74325df4f59d8a5	41932	ELF	ELF32	ARM	Huawei official driver vendor.img; OPM7.181205.001	none
vendor/lib/libmmcamera_isp_scaler_encoder46.so	vendor/lib/libmmcamera_isp_scaler_encoder46.so	ce06ef84b99683bb264213c867da305bae74f7476c5c8d3549588f8d106242fe	41292	ELF	ELF32	ARM	Huawei official driver vendor.img; OPM7.181205.001	none
vendor/lib/libmmcamera_isp_scaler_video46.so	vendor/lib/libmmcamera_isp_scaler_video46.so	80045cc96fd36e35ff59da4b48c7c76ff32f50b930fd65f5d5f9c9f411229a3a	41292	ELF	ELF32	ARM	Huawei official driver vendor.img; OPM7.181205.001	none
vendor/lib/libmmcamera_isp_scaler_viewfinder46.so	vendor/lib/libmmcamera_isp_scaler_viewfinder46.so	1eef3f1375e729475092c5bc83284b70b9b86a83261e3e48ea5d3c41d996c4bc	41296	ELF	ELF32	ARM	Huawei official driver vendor.img; OPM7.181205.001	none
vendor/lib/libmmcamera_isp_sce40.so	vendor/lib/libmmcamera_isp_sce40.so	187159d1963b1f68758bc270a56f667c9b59238884bdc2ba21ea973fba026e61	29056	ELF	ELF32	ARM	Huawei official driver vendor.img; OPM7.181205.001	none
vendor/lib/libmmcamera_isp_sub_module.so	vendor/lib/libmmcamera_isp_sub_module.so	f557a257dc36d828d3f1317d9ffdad7df458c1fdaed698ebc107cd7effd059a3	45484	ELF	ELF32	ARM	Huawei official driver vendor.img; OPM7.181205.001	none
vendor/lib/libmmcamera_m24c64s_eeprom.so	vendor/lib/libmmcamera_m24c64s_eeprom.so	c236ed4d798aa81fa5ec40603cd33bbe5b0d05787e0b1043b4e150bb35aee740	20380	ELF	ELF32	ARM	Huawei official driver vendor.img; OPM7.181205.001	none
vendor/lib/libmmcamera_pdaf.so	vendor/lib/libmmcamera_pdaf.so	4d47910da10eef32beaa447359695db1799d5e4ab07a0ba7a023ddcb34cb83e4	46885	ELF	ELF32	ARM	Huawei official driver vendor.img; OPM7.181205.001	add direct liblog DT_NEEDED for legacy Android log imports; retarget audited legacy ARM EABI imports from LIBC_PRIVATE to the ABI-identical LIBC_N aliases exported by current Bionic
vendor/lib/libmmcamera_pdafcamif.so	vendor/lib/libmmcamera_pdafcamif.so	1a544e18646043f75b26ebc8cb930526ee4ed0360e2a30a095c1740910f5a496	34077	ELF	ELF32	ARM	Huawei official driver vendor.img; OPM7.181205.001	add direct liblog DT_NEEDED for legacy Android log imports; retarget audited legacy ARM EABI imports from LIBC_PRIVATE to the ABI-identical LIBC_N aliases exported by current Bionic
vendor/lib/libmmcamera_ppbase_module.so	vendor/lib/libmmcamera_ppbase_module.so	82aa4c66f92966dab8d323917a4ca81574e7ce74891ddb9b6cc0dbb451732f9f	24692	ELF	ELF32	ARM	Huawei official driver vendor.img; OPM7.181205.001	none
vendor/lib/libmmcamera_sony_imx179_eeprom.so	vendor/lib/libmmcamera_sony_imx179_eeprom.so	1cdb695d664a9bf4bdab9c74dd6ca31fe592eb0495a19ce01f4442721c17aa89	20224	ELF	ELF32	ARM	Huawei official driver vendor.img; OPM7.181205.001	none
vendor/lib/libmmcamera_tintless_algo.so	vendor/lib/libmmcamera_tintless_algo.so	d120d9e68abde7ac86b6f79b024d57b3b3690d91ff78c137f8ec24c54889c265	26044	ELF	ELF32	ARM	Huawei official driver vendor.img; OPM7.181205.001	retarget audited legacy ARM EABI imports from LIBC_PRIVATE to the ABI-identical LIBC_N aliases exported by current Bionic
vendor/lib/libmmcamera_tintless_bg_pca_algo.so	vendor/lib/libmmcamera_tintless_bg_pca_algo.so	f1b6759bd0657abb006d72bff4608235dddd28e10db5212382a13f671f0ba7f9	25569	ELF	ELF32	ARM	Huawei official driver vendor.img; OPM7.181205.001	add direct liblog DT_NEEDED for legacy Android log imports; retarget audited legacy ARM EABI imports from LIBC_PRIVATE to the ABI-identical LIBC_N aliases exported by current Bionic
vendor/lib/libmmcamera_vpu_module.so	vendor/lib/libmmcamera_vpu_module.so	50a532b9610b106ad2f5f00a835a40350578d12b2f84b0d4d75e2d69dbe6a110	57956	ELF	ELF32	ARM	Huawei official driver vendor.img; OPM7.181205.001	none
vendor/lib/libmmipl.so	vendor/lib/libmmipl.so	054201ebfb5c8a74b534d55a6018ad6249533ad2bcd710628068ce7cb25f5d15	580604	ELF	ELF32	ARM	Huawei official driver vendor.img; OPM7.181205.001	none
vendor/lib/libmmjpeg.so	vendor/lib/libmmjpeg.so	2a1b8458abdffa8120945d2d259b72e9bf34a5d53c4eb3cdfce8a492b2d7596e	96012	ELF	ELF32	ARM	Huawei official driver vendor.img; OPM7.181205.001	none
vendor/lib/libmmqjpeg_codec.so	vendor/lib/libmmqjpeg_codec.so	d6443283ad6ca978f2cf71eb79c723afc2f6f13ec74c7ec182b3bbcff7fd8953	158904	ELF	ELF32	ARM	Huawei official driver vendor.img; OPM7.181205.001	none
vendor/lib/libmmqjpegdma.so	vendor/lib/libmmqjpegdma.so	e6e9feffff7bfc13612a304e08960d22fa545f3767e14f97f16b3b0bf7f39d46	66604	ELF	ELF32	ARM	Huawei official driver vendor.img; OPM7.181205.001	none
vendor/lib/libnetmgr.so	vendor/lib/libnetmgr.so	d082ff072d249d482b5a4b294aa549d148f866634ce59a4fb37d26e5c4fe7349	50620	ELF	ELF32	ARM	Huawei official driver vendor.img; OPM7.181205.001	retarget audited legacy ARM EABI imports from LIBC_PRIVATE to the ABI-identical LIBC_N aliases exported by current Bionic
vendor/lib/liboemcamera.so	vendor/lib/liboemcamera.so	77983655cd0beb733363804378c68a70c84d4e290cddadbbed044f80aca2776e	133444	ELF	ELF32	ARM	Huawei official driver vendor.img; OPM7.181205.001	none
vendor/lib/liboemcrypto.so	vendor/lib/liboemcrypto.so	af172762709e55e762114d26d3f992cbf6e6788951ded306567c9bc788feb29b	71264	ELF	ELF32	ARM	Huawei official driver vendor.img; OPM7.181205.001	none
vendor/lib/libperipheral_client.so	vendor/lib/libperipheral_client.so	0bf8d358e307d74be812bedc2f3032d172f55da93c0650241274707bc6b38f74	46152	ELF	ELF32	ARM	Huawei official driver vendor.img; OPM7.181205.001	none
vendor/lib/libqcci_legacy.so	vendor/lib/libqcci_legacy.so	5de2720270b4e8b839dc2075d1e01b2cc5b4ac2736fd1ba346a91c3124b073df	20256	ELF	ELF32	ARM	Huawei official driver vendor.img; OPM7.181205.001	none
vendor/lib/libqdi.so	vendor/lib/libqdi.so	123bc5f1ca94e177e4bd293876d4987aaeee17f3985fddc6b63d157786b5a934	62908	ELF	ELF32	ARM	Huawei official driver vendor.img; OPM7.181205.001	retarget audited legacy ARM EABI imports from LIBC_PRIVATE to the ABI-identical LIBC_N aliases exported by current Bionic
vendor/lib/libqmi.so	vendor/lib/libqmi.so	1d4cc288bbc65d238e8d7934ee9c109482e059b1c84fd63a2be5d4b3940905af	228152	ELF	ELF32	ARM	Huawei official driver vendor.img; OPM7.181205.001	none
vendor/lib/libqmi_cci.so	vendor/lib/libqmi_cci.so	b69be058cd69bd48fb4a7047f650e98f99dd3c1e631aa2c5b0b7923dcaa48064	41672	ELF	ELF32	ARM	Huawei official driver vendor.img; OPM7.181205.001	none
vendor/lib/libqmi_client_helper.so	vendor/lib/libqmi_client_helper.so	7b762fa4772ebed27ffe3cbad429cdd7a81143429fe851c6e9a6257eadfce7b9	20272	ELF	ELF32	ARM	Huawei official driver vendor.img; OPM7.181205.001	none
vendor/lib/libqmi_client_qmux.so	vendor/lib/libqmi_client_qmux.so	c5d70751b7d74223cec45de5b827f3447793a1c056ad3c514e6c8e9c84db641d	57596	ELF	ELF32	ARM	Huawei official driver vendor.img; OPM7.181205.001	none
vendor/lib/libqmi_common_so.so	vendor/lib/libqmi_common_so.so	43668a445cb303c158fe5de407b491e3b195e2b39cf1d75d04afcee304013914	6124	ELF	ELF32	ARM	Huawei official driver vendor.img; OPM7.181205.001	none
vendor/lib/libqmi_csi.so	vendor/lib/libqmi_csi.so	a487bb0834ec375e40d4010f46bab6eba59a6773d18b46d1430d273e0436f2ff	29092	ELF	ELF32	ARM	Huawei official driver vendor.img; OPM7.181205.001	none
vendor/lib/libqmi_encdec.so	vendor/lib/libqmi_encdec.so	435a6935dd1518922d2246ef5822edb64c5696ac2592632d540fd2affc2e8786	20372	ELF	ELF32	ARM	Huawei official driver vendor.img; OPM7.181205.001	none
vendor/lib/libqmiservices.so	vendor/lib/libqmiservices.so	ebfb689a42f3f7d9d43df4a9e3ad289a50f2e72af434eee84ae46b997a5139af	95792	ELF	ELF32	ARM	Huawei official driver vendor.img; OPM7.181205.001	none
vendor/lib/libqomx_jpegdec.so	vendor/lib/libqomx_jpegdec.so	40330293ee74f574b2c13f7471e299371bf7e0cbb7b950aa82c934137bcd87d6	78828	ELF	ELF32	ARM	Huawei official driver vendor.img; OPM7.181205.001	none
vendor/lib/libqomx_jpegenc.so	vendor/lib/libqomx_jpegenc.so	0d1c3c638c8033eee97c1756c2854b7615119d33826eabe321f61653ef1924c9	140844	ELF	ELF32	ARM	Huawei official driver vendor.img; OPM7.181205.001	none
vendor/lib/libqomx_jpegenc_pipe.so	vendor/lib/libqomx_jpegenc_pipe.so	c31a8c1306727b89bbbbbc715adfa75a548866fcdb2519719bd8de89bcac9868	149028	ELF	ELF32	ARM	Huawei official driver vendor.img; OPM7.181205.001	none
vendor/lib/libqti-perfd-client.so	vendor/lib/libqti-perfd-client.so	94edce377b13bc5532697c99a43cfd70f3058cf1a0541064ed567bfeadeb45b6	16080	ELF	ELF32	ARM	Huawei official driver vendor.img; OPM7.181205.001	none
vendor/lib/libril-qcril-hook-oem.so	vendor/lib/libril-qcril-hook-oem.so	56a9f441e8da03ad27807de44d16ba8fa04a0014a3f34bbd828db862bb696596	16040	ELF	ELF32	ARM	Huawei official driver vendor.img; OPM7.181205.001	none
vendor/lib/librpmb.so	vendor/lib/librpmb.so	bdceefe58260148ea12c89302a57282ceaec66125153b1b75bf5784e45e3b1ed	22640	ELF	ELF32	ARM	Huawei official driver vendor.img; OPM7.181205.001	retarget audited legacy ARM EABI imports from LIBC_PRIVATE to the ABI-identical LIBC_N aliases exported by current Bionic
vendor/lib/librs.rnr_downscale.so	vendor/lib/librs.rnr_downscale.so	05e9a6e7f198c25f071f34506a596f84c1589b76ddc779ab9215ce8d72ed1033	12064	ELF	ELF32	ARM	Huawei official driver vendor.img; OPM7.181205.001	none
vendor/lib/librs.rnr_process.so	vendor/lib/librs.rnr_process.so	0ae952ebf782840458c1b708793e80207b1d10b37cd37356bfc5df0e6dc59976	18816	ELF	ELF32	ARM	Huawei official driver vendor.img; OPM7.181205.001	none
vendor/lib/librs_adreno.so	vendor/lib/librs_adreno.so	e18cc354ca6641213492996d5e9743ad04504671a40b24e5102916ee76578b14	317368	ELF	ELF32	ARM	Huawei official driver vendor.img; OPM7.181205.001	none
vendor/lib/librs_adreno_sha1.so	vendor/lib/librs_adreno_sha1.so	2f99d325f3d96c69adcc71417f2e91d7d056459f48189416bb468f57f55a390d	6128	ELF	ELF32	ARM	Huawei official driver vendor.img; OPM7.181205.001	none
vendor/lib/libscale.so	vendor/lib/libscale.so	b753b60a7e42d188b2ea171b13edbca629ad65ea8426241912d2b982aff20603	26096	ELF	ELF32	ARM	Huawei official driver vendor.img; OPM7.181205.001	retarget audited legacy ARM EABI imports from LIBC_PRIVATE to the ABI-identical LIBC_N aliases exported by current Bionic
vendor/lib/libsmemlog.so	vendor/lib/libsmemlog.so	8efb68617b233b3fc4ebedec8a05fb24700ce3366ac376a335f5ecba2fbe06c8	16068	ELF	ELF32	ARM	Huawei official driver vendor.img; OPM7.181205.001	none
vendor/lib/libssd.so	vendor/lib/libssd.so	61b0593d028f4526ba4a24ee4016b8f94b7378a37c833c28accb569134ceefcd	17852	ELF	ELF32	ARM	Huawei official driver vendor.img; OPM7.181205.001	retarget audited legacy ARM EABI imports from LIBC_PRIVATE to the ABI-identical LIBC_N aliases exported by current Bionic
vendor/lib/libsystem_health_mon.so	vendor/lib/libsystem_health_mon.so	21b7876e9bb393af27cc1b4e3281854db77b5f2d2117ea2359cd68854ccf2dbb	16052	ELF	ELF32	ARM	Huawei official driver vendor.img; OPM7.181205.001	none
vendor/lib/libthermalclient.so	vendor/lib/libthermalclient.so	4124b9e2b45a4c89e7d5da8997f95219c4be41099fe9d736ef8abb1bfcd6d3ac	29004	ELF	ELF32	ARM	Huawei official driver vendor.img; OPM7.181205.001	none
vendor/lib/libtime_genoff.so	vendor/lib/libtime_genoff.so	1842854b2b25a9d0f5317a9b05ce170b6dd8d6774fb0a04e4eec78c84383c672	20248	ELF	ELF32	ARM	Huawei official driver vendor.img; OPM7.181205.001	none
vendor/lib/libtzdrmgenprov.so	vendor/lib/libtzdrmgenprov.so	8ea2490142e57dda7fdc9de73219539764879dadbde57b5be0cf97fc4b45b70b	26044	ELF	ELF32	ARM	Huawei official driver vendor.img; OPM7.181205.001	retarget audited legacy ARM EABI imports from LIBC_PRIVATE to the ABI-identical LIBC_N aliases exported by current Bionic
vendor/lib/libvoice-svc.so	vendor/lib/libvoice-svc.so	fa5bcded6ecf3ba3547de7a9324a4c8645aa13978a6445359a579c3eb466c897	22133	ELF	ELF32	ARM	Huawei official driver vendor.img; OPM7.181205.001	add direct libprocessgroup DT_NEEDED for set_sched_policy
vendor/lib/libwms.so	vendor/lib/libwms.so	5ca3d90ea2905c58cedec8f163f542c94118d0df5aaf7a9e1a13c4ebea824626	42640	ELF	ELF32	ARM	Huawei official driver vendor.img; OPM7.181205.001	none
vendor/lib/libxml.so	vendor/lib/libxml.so	a2086995c3ed39d60c3ba867871e35fdd5b727c24d8cb6b5e18b57eb0676ebe7	41124	ELF	ELF32	ARM	Huawei official driver vendor.img; OPM7.181205.001	none
vendor/lib/mediadrm/libwvdrmengine.so	vendor/lib/mediadrm/libwvdrmengine.so	7c5a1f84213819fdc9c6add7ef6101da8f35d67a30da0b88ef465ec7b7f133c7	1917120	ELF	ELF32	ARM	Huawei official driver vendor.img; OPM7.181205.001	none
vendor/lib/soundfx/libfmas.so	vendor/lib/soundfx/libfmas.so	5ead554bcf652f787a63292e1c9e8bfc9d40e4be68c364352a1e44552101eb51	130084	ELF	ELF32	ARM	Huawei official driver vendor.img; OPM7.181205.001	none
vendor/lib64/egl/eglSubDriverAndroid.so	vendor/lib64/egl/eglSubDriverAndroid.so	d3e29fccd85ed282943f174c05f89fc74b61fd53c0ad2de98cda9747fe31e8a3	65224	ELF	ELF64	AArch64	Huawei official driver vendor.img; OPM7.181205.001	none
vendor/lib64/egl/libEGL_adreno.so	vendor/lib64/egl/libEGL_adreno.so	1c95276337bd8cce0409d83de87cc622471497c4e8bbbf1598f9aba09e266c5c	104752	ELF	ELF64	AArch64	Huawei official driver vendor.img; OPM7.181205.001	none
vendor/lib64/egl/libGLESv1_CM_adreno.so	vendor/lib64/egl/libGLESv1_CM_adreno.so	810e4876f012325c3c6afce39967e585afe2ccfebc9a1a5da373c9b8889c30db	208352	ELF	ELF64	AArch64	Huawei official driver vendor.img; OPM7.181205.001	none
vendor/lib64/egl/libGLESv2_adreno.so	vendor/lib64/egl/libGLESv2_adreno.so	748585c7030a66c9bf68ffc41a6bdae42122c7bb5f2163e0c2e2a345b91d1048	3412928	ELF	ELF64	AArch64	Huawei official driver vendor.img; OPM7.181205.001	none
vendor/lib64/egl/libq3dtools_adreno.so	vendor/lib64/egl/libq3dtools_adreno.so	e2025ee418909f1324046924bb6360225ef091206e433010b7ad05653356cb2e	704768	ELF	ELF64	AArch64	Huawei official driver vendor.img; OPM7.181205.001	none
vendor/lib64/egl/libq3dtools_esx.so	vendor/lib64/egl/libq3dtools_esx.so	fa1c4990f2eba34928e17d666c2dccba4678c318e1b9187877d8f0dc3fe0ee30	396424	ELF	ELF64	AArch64	Huawei official driver vendor.img; OPM7.181205.001	none
vendor/lib64/hw/fingerprint.angler.so	vendor/lib64/hw/fingerprint.angler.so	f027c073af8cf6d58f700ca62bd92739270c4d963c186c411848ea7f7ca876bc	27896	ELF	ELF64	AArch64	Huawei official driver vendor.img; OPM7.181205.001	none
vendor/lib64/hw/flp.default.so	vendor/lib64/hw/flp.default.so	bf80e871f8e5476a2e0cba10b9bcdd3f6ccf664008673963a8a72623a2fd27bb	59968	ELF	ELF64	AArch64	Huawei official driver vendor.img; OPM7.181205.001	none
vendor/lib64/hw/gatekeeper.msm8994.so	vendor/lib64/hw/gatekeeper.msm8994.so	eec39a7f49332be69b11aa48e37b277aae5ce92513cdcec67d61e2e0c3b86c4b	14136	ELF	ELF64	AArch64	Huawei official driver vendor.img; OPM7.181205.001	none
vendor/lib64/hw/keystore.msm8994.so	vendor/lib64/hw/keystore.msm8994.so	814d7b4a6d59599080e3014fb98f4df4a7a07d0d134c00f4a9fd4719d65d6fe9	27008	ELF	ELF64	AArch64	Huawei official driver vendor.img; OPM7.181205.001	none
vendor/lib64/hw/nfc_nci.angler.so	vendor/lib64/hw/nfc_nci.angler.so	215dcf1d3a9f343c625ba65a3233345dbb9b2ec58d9380f8b8db056faf989456	179760	ELF	ELF64	AArch64	Huawei official driver vendor.img; OPM7.181205.001	none
vendor/lib64/hw/sound_trigger.primary.msm8994.so	vendor/lib64/hw/sound_trigger.primary.msm8994.so	d9ca36553dee947e61429608a03b86283554bc9af1f8c79cbdc4ebcf9c71e653	57288	ELF	ELF64	AArch64	Huawei official driver vendor.img; OPM7.181205.001	none
vendor/lib64/hw/tof.vl6180.so	vendor/lib64/hw/tof.vl6180.so	f20827c6b90d2279d81b267ce74a80d640c96bc35abab2eae613787150f1b99a	27760	ELF	ELF64	AArch64	Huawei official driver vendor.img; OPM7.181205.001	none
vendor/lib64/hw/vulkan.msm8994.so	vendor/lib64/hw/vulkan.msm8994.so	611fa477f911fdb447e51de0ecf2e6f098a0d4c7684a7a3b19836c79539008d5	1482984	ELF	ELF64	AArch64	Huawei official driver vendor.img; OPM7.181205.001	none
vendor/lib64/lib-dplmedia.so	vendor/lib64/lib-dplmedia.so	19f362d8d867563c4ab44b8317d085734568607b6bef4778f342983ba2002cde	141424	ELF	ELF64	AArch64	Huawei official driver vendor.img; OPM7.181205.001	none
vendor/lib64/lib-ims-rcscmjni.so	vendor/lib64/lib-ims-rcscmjni.so	23bb33594f40ca414ff18aef6e84a29b6adcbcaa6c7d8a66ec5ab4d3b5fb3cc7	51256	ELF	ELF64	AArch64	Huawei official driver vendor.img; OPM7.181205.001	none
vendor/lib64/lib-imsSDP.so	vendor/lib64/lib-imsSDP.so	1fd88f57e74d14db4ec1dbc77e0958c12a2417db9554c223cb1d52d188cfb370	276513	ELF	ELF64	AArch64	Huawei official driver vendor.img; OPM7.181205.001	add direct liblog DT_NEEDED for legacy Android log imports
vendor/lib64/lib-imsdpl.so	vendor/lib64/lib-imsdpl.so	3ef1d10a08f92ff619a81285b9b9b3315b17dadfd7f4c8527bd155c4c3cd034f	544809	ELF	ELF64	AArch64	Huawei official driver vendor.img; OPM7.181205.001	add direct liblog DT_NEEDED for legacy Android log imports
vendor/lib64/lib-imsqimf.so	vendor/lib64/lib-imsqimf.so	84112c611b509fcad67e77abaeacd91063bd906b8f796ba2dd22e0669fa06976	1816328	ELF	ELF64	AArch64	Huawei official driver vendor.img; OPM7.181205.001	none
vendor/lib64/lib-imsrcs.so	vendor/lib64/lib-imsrcs.so	e12f0d48a66fee601e8d268b041137a4b937bd69efaa4258ed492b304b0419a2	1591128	ELF	ELF64	AArch64	Huawei official driver vendor.img; OPM7.181205.001	none
vendor/lib64/lib-imsrcscm.so	vendor/lib64/lib-imsrcscm.so	910cfc05905357c5ebea87d34a6cc91ac886dbcecd9643023d67336de9feccf7	157944	ELF	ELF64	AArch64	Huawei official driver vendor.img; OPM7.181205.001	none
vendor/lib64/lib-imsrcscmclient.so	vendor/lib64/lib-imsrcscmclient.so	9e46509c2df5127aa3d4a492b65842ce741ddc42dbf860c3b69360a3c1889f5e	153296	ELF	ELF64	AArch64	Huawei official driver vendor.img; OPM7.181205.001	remove unused DT_NEEDED libart-compiler.so and libart.so; zero imported-symbol overlap
vendor/lib64/lib-imsrcscmservice.so	vendor/lib64/lib-imsrcscmservice.so	4fe08083b06f0d6f6992dae090536b6c937fc1e0acd3d326f149bf5e3d2b0f07	87760	ELF	ELF64	AArch64	Huawei official driver vendor.img; OPM7.181205.001	none
vendor/lib64/lib-imss.so	vendor/lib64/lib-imss.so	5035e95e9ef2f2b62874fd9f532e809349a16fa97de60084c59d89f0b516539e	66921	ELF	ELF64	AArch64	Huawei official driver vendor.img; OPM7.181205.001	add direct liblog DT_NEEDED for legacy Android log imports
vendor/lib64/lib-imsxml.so	vendor/lib64/lib-imsxml.so	359970510e3889a885cd0e29da00818e1dd942c4d3441a8ce0713392c1345b0e	941784	ELF	ELF64	AArch64	Huawei official driver vendor.img; OPM7.181205.001	none
vendor/lib64/lib-rcsimssjni.so	vendor/lib64/lib-rcsimssjni.so	5aaf93fed049e4eca5d07ac57deb313175352e5190c249e93258461ffbd25e94	38456	ELF	ELF64	AArch64	Huawei official driver vendor.img; OPM7.181205.001	none
vendor/lib64/lib-rcsjni.so	vendor/lib64/lib-rcsjni.so	342fef09f1fe1e4fc0d831943766568e33b3cbacdb727c403a3b8e076d4c3da8	321080	ELF	ELF64	AArch64	Huawei official driver vendor.img; OPM7.181205.001	none
vendor/lib64/lib-rtpcommon.so	vendor/lib64/lib-rtpcommon.so	c270973c4e14ce6cb45ceff8bc62b7dee4e22bbc8956a2d6aab02f918eb2ce09	42664	ELF	ELF64	AArch64	Huawei official driver vendor.img; OPM7.181205.001	none
vendor/lib64/lib-rtpcore.so	vendor/lib64/lib-rtpcore.so	c28af3298e940667d89d8582820c8d148f0917ad43f712abffb2ac84337fe6ce	412160	ELF	ELF64	AArch64	Huawei official driver vendor.img; OPM7.181205.001	none
vendor/lib64/lib-rtpdaemoninterface.so	vendor/lib64/lib-rtpdaemoninterface.so	1684c1699a89a8a997a4f148e55fee02e1fab797d5c6c33b6fceb8603b962a76	67081	ELF	ELF64	AArch64	Huawei official driver vendor.img; OPM7.181205.001	add direct liblog DT_NEEDED for legacy Android log imports
vendor/lib64/lib-rtpsl.so	vendor/lib64/lib-rtpsl.so	4657aa66264a07fb5105855d59f4e4cd7cde3f7320717c9f5c8b073fa9ca2f9f	67128	ELF	ELF64	AArch64	Huawei official driver vendor.img; OPM7.181205.001	none
vendor/lib64/libC2D2.so	vendor/lib64/libC2D2.so	39627aea647338522a19d791722dab1444594bc038714af5139b512ff7538460	175592	ELF	ELF64	AArch64	Huawei official driver vendor.img; OPM7.181205.001	none
vendor/lib64/libCB.so	vendor/lib64/libCB.so	92fe149a5d9a38e7c9bad18eb6e9070483671ed57b5e71a1a82fff8d88b099f1	1364864	ELF	ELF64	AArch64	Huawei official driver vendor.img; OPM7.181205.001	none
vendor/lib64/libQSEEComAPI.so	vendor/lib64/libQSEEComAPI.so	da473ddd27deb6a6ad0a344a1dba776fffbb779af48fe5008134e00862cff3c3	67225	ELF	ELF64	AArch64	Huawei official driver vendor.img; OPM7.181205.001	add direct liblog DT_NEEDED for legacy Android log imports
vendor/lib64/libRSDriver_adreno.so	vendor/lib64/libRSDriver_adreno.so	1858a17c75422cd6b9c8838d2f7d4e49d356d9eda7116b232df96eb8c4b113d3	187376	ELF	ELF64	AArch64	Huawei official driver vendor.img; OPM7.181205.001	none
vendor/lib64/lib_fpc_tac_shared.so	vendor/lib64/lib_fpc_tac_shared.so	3ff50fb7a557ee819c91a21eb9834af578e854631a972b6c09e7da4a9c33ab23	141657	ELF	ELF64	AArch64	Huawei official driver vendor.img; OPM7.181205.001	add direct liblog DT_NEEDED for legacy Android log imports
vendor/lib64/libacdb-fts.so	vendor/lib64/libacdb-fts.so	f83dfe32ef8ce3c67f0e2e9aa5cc6050ca0c89868687d3d03b434cc08f6058fd	10872	ELF	ELF64	AArch64	Huawei official driver vendor.img; OPM7.181205.001	none
vendor/lib64/libacdbloader.so	vendor/lib64/libacdbloader.so	1df1a36ceae78b1d662dba79b8355979ed59e61547e5f4e7b53430bd10a17aa6	58128	ELF	ELF64	AArch64	Huawei official driver vendor.img; OPM7.181205.001	none
vendor/lib64/libacdbmapper.so	vendor/lib64/libacdbmapper.so	b5387da21a93db850b85f6a25b668aab365399cc3b8768f34602b41e44a88ef2	8344	ELF	ELF64	AArch64	Huawei official driver vendor.img; OPM7.181205.001	none
vendor/lib64/libacdbrtac.so	vendor/lib64/libacdbrtac.so	a8d1ee9106930eac008506019d27f43b84f3904f3a13436cd00b549426c8a3b7	19064	ELF	ELF64	AArch64	Huawei official driver vendor.img; OPM7.181205.001	none
vendor/lib64/libadiertac.so	vendor/lib64/libadiertac.so	9e0bc1cc01a0fd996acc5592023dcd413f3e71974912aa55b1bfb00a2e7f7608	15376	ELF	ELF64	AArch64	Huawei official driver vendor.img; OPM7.181205.001	none
vendor/lib64/libadreno_utils.so	vendor/lib64/libadreno_utils.so	89b0eb0c1792573e4a233143ddbb02c502a914cff76ad277fe35c3b2ecbae94c	35616	ELF	ELF64	AArch64	Huawei official driver vendor.img; OPM7.181205.001	none
vendor/lib64/libadsprpc.so	vendor/lib64/libadsprpc.so	1728853ee6418dc87e112129961b5797ddb58e92826f34831905033f737bd27e	75488	ELF	ELF64	AArch64	Huawei official driver vendor.img; OPM7.181205.001	none
vendor/lib64/libaudcal.so	vendor/lib64/libaudcal.so	1526254e0ec1fa1ad779bfe3a08247d30e28835e50d73ce91b4c3338f0d204a9	126072	ELF	ELF64	AArch64	Google factory image exact; differs from Huawei driver package; local closure only; OPM7.181205.001	none
vendor/lib64/libaudioalsa.so	vendor/lib64/libaudioalsa.so	b354a5b621f4b2b32fc8968f4281047cb4f1df99c85940acb606b322ffc4f251	19064	ELF	ELF64	AArch64	Huawei official driver vendor.img; OPM7.181205.001	none
vendor/lib64/libbccQTI.so	vendor/lib64/libbccQTI.so	ca68312d223a947bd0dae89f944a82f05774eb65d4237b560d06a28a1884f8d1	6576	ELF	ELF64	AArch64	Huawei official driver vendor.img; OPM7.181205.001	none
vendor/lib64/libc2d30-a3xx.so	vendor/lib64/libc2d30-a3xx.so	fe2129846a90642ee76ebd7d774f019dafc7275164a43cb738d5f0e87b65cfd5	747032	ELF	ELF64	AArch64	Huawei official driver vendor.img; OPM7.181205.001	none
vendor/lib64/libc2d30-a4xx.so	vendor/lib64/libc2d30-a4xx.so	79e2467cd0487443b1c48df0472ad375c4651278bf2d3ecc98a63d6a303a7484	729296	ELF	ELF64	AArch64	Huawei official driver vendor.img; OPM7.181205.001	none
vendor/lib64/libcallutils.so	vendor/lib64/libcallutils.so	43c8090617c9841ac46db42d752c16b16dd5aa98da8544599b6ce8cfe5ebe8bc	10904	ELF	ELF64	AArch64	Huawei official driver vendor.img; OPM7.181205.001	none
vendor/lib64/libcne.so	vendor/lib64/libcne.so	2e7187538b3dbb32347b690e401b6772a8883e85d45463ab66e7a74e761b33be	378209	ELF	ELF64	AArch64	Huawei official driver vendor.img; OPM7.181205.001	add direct liblog DT_NEEDED for legacy Android log imports
vendor/lib64/libcneapiclient.so	vendor/lib64/libcneapiclient.so	8342974ded735465f4ba60d71367dd22d5401e7e2002d9ab03ff1805934c04ba	148425	ELF	ELF64	AArch64	Huawei official driver vendor.img; OPM7.181205.001	add direct liblog DT_NEEDED for legacy Android log imports
vendor/lib64/libconfigdb.so	vendor/lib64/libconfigdb.so	c5541780b73245c7eb6a2fcc3ab2b6069d017bef5c81714ea6c86827bd4ebb0e	22144	ELF	ELF64	AArch64	Huawei official driver vendor.img; OPM7.181205.001	none
vendor/lib64/libdiag.so	vendor/lib64/libdiag.so	db4150dc04ac018261a911376183b99d3b91bb3b53288d92dac750a494fd59a0	107648	ELF	ELF64	AArch64	Huawei official driver vendor.img; OPM7.181205.001	none
vendor/lib64/libdisp-aba.so	vendor/lib64/libdisp-aba.so	6ec16a037cfc38d123037def681ef3f81284474fe545c23dc82cf25d03538d48	96640	ELF	ELF64	AArch64	Huawei official driver vendor.img; OPM7.181205.001	none
vendor/lib64/libdrmfs.so	vendor/lib64/libdrmfs.so	4065d660260e74fac01081a707509e757a6c06c428eb90c501613254d2fec5fd	17976	ELF	ELF64	AArch64	Huawei official driver vendor.img; OPM7.181205.001	none
vendor/lib64/libdrmtime.so	vendor/lib64/libdrmtime.so	5d354060a545327540fbcf1e5acd753dba043176ae0c26010c570575a1cdb746	13880	ELF	ELF64	AArch64	Huawei official driver vendor.img; OPM7.181205.001	none
vendor/lib64/libdsi_netctrl.so	vendor/lib64/libdsi_netctrl.so	75293b3c73d41d500248d9fb8ca9fad3bcd8a0fca0b4f4446bd73535f08390e8	368792	ELF	ELF64	AArch64	Huawei official driver vendor.img; OPM7.181205.001	none
vendor/lib64/libdsutils.so	vendor/lib64/libdsutils.so	50f4fe0bb0e95bb6f12aeee14e4ad796a6f4639badbe915df5295540e73a61e5	71312	ELF	ELF64	AArch64	Huawei official driver vendor.img; OPM7.181205.001	none
vendor/lib64/libgeofence.so	vendor/lib64/libgeofence.so	ff2862e1165872caf98058b4507a4bc484594c6d288706aed246799a9539f816	54912	ELF	ELF64	AArch64	Huawei official driver vendor.img; OPM7.181205.001	none
vendor/lib64/libgsl.so	vendor/lib64/libgsl.so	d1de32f9f543b64f49d72ff7e68b4612704590f444fb845fbcf2268f4fe32793	1106880	ELF	ELF64	AArch64	Huawei official driver vendor.img; OPM7.181205.001	none
vendor/lib64/libhwgetnv.so	vendor/lib64/libhwgetnv.so	3d62ea47edfeb65fc095911d9660bfda2d8ff31bfd634bc7519fe0b87d53318a	23672	ELF	ELF64	AArch64	Huawei official driver vendor.img; OPM7.181205.001	none
vendor/lib64/libhwnv.so	vendor/lib64/libhwnv.so	1ba4cd5786f7e90761c2f1c82ec31194fd15f839e1e262b16d4ddd078a0776d1	15392	ELF	ELF64	AArch64	Huawei official driver vendor.img; OPM7.181205.001	none
vendor/lib64/libhwsarcontrol.so	vendor/lib64/libhwsarcontrol.so	d685324f3243a0e43bf248d0f41e9000e8b4dbed10dea8ba3b77a59f2e9b9497	10864	ELF	ELF64	AArch64	Huawei official driver vendor.img; OPM7.181205.001	none
vendor/lib64/libidl.so	vendor/lib64/libidl.so	e3b0d58d360133210901e9e006b70ff2f50eccf6439ea39422dc169d23a71c10	19016	ELF	ELF64	AArch64	Huawei official driver vendor.img; OPM7.181205.001	none
vendor/lib64/libimscamera_jni.so	vendor/lib64/libimscamera_jni.so	ffb14ed941c1afaa7a2bda823b784ad8b01c3e6a1904277aa2a9efdb3f759e9b	15744	ELF	ELF64	AArch64	Huawei official driver vendor.img; OPM7.181205.001	none
vendor/lib64/libimsmedia_jni.so	vendor/lib64/libimsmedia_jni.so	222cbe336804c69501c78101914900b4a3eb8706d15b85ff5408171b84517f84	24448	ELF	ELF64	AArch64	Huawei official driver vendor.img; OPM7.181205.001	none
vendor/lib64/libizat_core.so	vendor/lib64/libizat_core.so	b0c9ae104c623defeab829e683ed49d8446e46a9eac3c3ca209039829ee033ae	72809	ELF	ELF64	AArch64	Huawei official driver vendor.img; OPM7.181205.001	add direct liblog DT_NEEDED for legacy Android log imports
vendor/lib64/libkmcrypto.so	vendor/lib64/libkmcrypto.so	a587cef4218e0017202618f1ed41e9ea311fdc7c7849af4f9bc3c794035fc596	15120	ELF	ELF64	AArch64	Huawei official driver vendor.img; OPM7.181205.001	none
vendor/lib64/liblbs_core.so	vendor/lib64/liblbs_core.so	e51b9605ee66857c76f1d9b58baba96f185e6d9894b0c1901b687fc6dd7626f2	142553	ELF	ELF64	AArch64	Huawei official driver vendor.img; OPM7.181205.001	add direct liblog DT_NEEDED for legacy Android log imports
vendor/lib64/liblistensoundmodel2.so	vendor/lib64/liblistensoundmodel2.so	121c9b2855fc58ae8195cb108df858ea2cfc2cbf0e4a33af93cb9fc4638ca251	994584	ELF	ELF64	AArch64	Huawei official driver vendor.img; OPM7.181205.001	none
vendor/lib64/libllvm-glnext.so	vendor/lib64/libllvm-glnext.so	f7b93e5a238720882a29de7b4f3c801b4f169e2ea80429fe99c6038cf760f3ac	13903960	ELF	ELF64	AArch64	Huawei official driver vendor.img; OPM7.181205.001	none
vendor/lib64/libllvm-qcom.so	vendor/lib64/libllvm-qcom.so	7ea2cc6af0e1d5c38a8d3e72b1f525244d3ebc0bd610745f388882fc0e46fb7e	29135272	ELF	ELF64	AArch64	Huawei official driver vendor.img; OPM7.181205.001	none
vendor/lib64/libllvm-qgl.so	vendor/lib64/libllvm-qgl.so	e1708d54d9315369f254cbe5d566dd57fcd296fc3dd8204c48843959dc4e8683	11027720	ELF	ELF64	AArch64	Huawei official driver vendor.img; OPM7.181205.001	none
vendor/lib64/libloc_api_v02.so	vendor/lib64/libloc_api_v02.so	6e6702b259cbddd0be7744756164ce5af8880d609c37d2b0c0a3d1e0f0783a7c	136760	ELF	ELF64	AArch64	Huawei official driver vendor.img; OPM7.181205.001	none
vendor/lib64/libloc_ds_api.so	vendor/lib64/libloc_ds_api.so	5a5a2c43b560c4ed3ea72d03dc58bedfdbdb5ce43f94029ba1e3efbd230b16f6	23432	ELF	ELF64	AArch64	Huawei official driver vendor.img; OPM7.181205.001	none
vendor/lib64/liblowi_client.so	vendor/lib64/liblowi_client.so	81f35b61a3acce3055061658124e326d4d480c08089a9b945b71b17a43af9b5a	367977	ELF	ELF64	AArch64	Huawei official driver vendor.img; OPM7.181205.001	add direct liblog DT_NEEDED for legacy Android log imports
vendor/lib64/liblowi_wifihal.so	vendor/lib64/liblowi_wifihal.so	936c34aec5bd487ee8dd6cc6bb9c886dbb76fd45c7ca43c2b664bc8c65e8ffb2	215257	ELF	ELF64	AArch64	Huawei official driver vendor.img; OPM7.181205.001	add direct liblog DT_NEEDED for legacy Android log imports
vendor/lib64/liblqe.so	vendor/lib64/liblqe.so	62c3d6d2211af170acfa696307e11e1481e557077533318a2e59455c4f7df73b	38528	ELF	ELF64	AArch64	Huawei official driver vendor.img; OPM7.181205.001	none
vendor/lib64/libmdmdetect.so	vendor/lib64/libmdmdetect.so	0f299ae9489fe8ab11205b35b3e29b05923ec248a08a79edf1aa15ba37f84e43	14984	ELF	ELF64	AArch64	Huawei official driver vendor.img; OPM7.181205.001	none
vendor/lib64/libmdsprpc.so	vendor/lib64/libmdsprpc.so	a85e9fcba8fe52daefa8382f90712c32a7cb8096202328b335351cf93df25fc1	75488	ELF	ELF64	AArch64	Huawei official driver vendor.img; OPM7.181205.001	none
vendor/lib64/libmm-abl-oem.so	vendor/lib64/libmm-abl-oem.so	babe823ac99e3469bc1e6440398ebdfe91519d4af6d3a175dc82b68156ce7af5	6568	ELF	ELF64	AArch64	Huawei official driver vendor.img; OPM7.181205.001	none
vendor/lib64/libmm-abl.so	vendor/lib64/libmm-abl.so	b81328df0641fc0c9432b30757dc07466b60ebf06fe105335d446464f3499b0a	174328	ELF	ELF64	AArch64	Huawei official driver vendor.img; OPM7.181205.001	none
vendor/lib64/libmm-als.so	vendor/lib64/libmm-als.so	c8364232f5bfc96c16a12df9be28b9c46917b20c02cf50c5393bb59702b99e50	19352	ELF	ELF64	AArch64	Huawei official driver vendor.img; OPM7.181205.001	none
vendor/lib64/libmm-disp-apis.so	vendor/lib64/libmm-disp-apis.so	7694f7de88a5b1d40cee97f0c05838f5de5adb3c70b43090bb5f9abc023c9c2a	34552	ELF	ELF64	AArch64	Huawei official driver vendor.img; OPM7.181205.001	none
vendor/lib64/libmm-qdcm.so	vendor/lib64/libmm-qdcm.so	49e087bb4544ada5373b925f7808bfee1cdd80e089da776f2f3d0b9f6eab2322	91960	ELF	ELF64	AArch64	Huawei official driver vendor.img; OPM7.181205.001	remove unused DT_NEEDED libqdutils.so; zero imported-symbol overlap
vendor/lib64/libmmcamera2_q3a_core.so	vendor/lib64/libmmcamera2_q3a_core.so	2e1868ca7d059bba0b87de4a261f1392caa59cd5b23088181ff1cb1ac7ee8775	469241	ELF	ELF64	AArch64	Huawei official driver vendor.img; OPM7.181205.001	add direct liblog DT_NEEDED for legacy Android log imports; exact copy rule: stock has no 64-bit libmmcamera2_is provider; runtime camera daemon is 32-bit
vendor/lib64/libmmcamera2_stats_algorithm.so	vendor/lib64/libmmcamera2_stats_algorithm.so	5c0630ae5e9b66764afda565e44f69e2c380ef2ea5a85806aeb2c8dcf427ebb4	134769	ELF	ELF64	AArch64	Huawei official driver vendor.img; OPM7.181205.001	add direct liblog DT_NEEDED for legacy Android log imports
vendor/lib64/libnetmgr.so	vendor/lib64/libnetmgr.so	de112d1645c14977191cf15b38a2dec1c2795a4c643eec74b6dd8e84e67b7528	71480	ELF	ELF64	AArch64	Huawei official driver vendor.img; OPM7.181205.001	none
vendor/lib64/libperipheral_client.so	vendor/lib64/libperipheral_client.so	471b523fb5d6f14d6eb0984b5fc9770249388211b6f182e1bc732094fab28290	56992	ELF	ELF64	AArch64	Huawei official driver vendor.img; OPM7.181205.001	none
vendor/lib64/libqcci_legacy.so	vendor/lib64/libqcci_legacy.so	f075e0a53774f0011224b3e042c366903fbf490bdefa2c6ce589a660fb804c25	19160	ELF	ELF64	AArch64	Huawei official driver vendor.img; OPM7.181205.001	none
vendor/lib64/libqdi.so	vendor/lib64/libqdi.so	1e05113448eba7bcc64d48d09d33cacb95da52617ac3237c07d0afbe06e1e2f4	83584	ELF	ELF64	AArch64	Huawei official driver vendor.img; OPM7.181205.001	none
vendor/lib64/libqdp.so	vendor/lib64/libqdp.so	15d4f146c961f6a3e54eea3483dd1c42bdce075b99a8819ca71e07b35614058c	104816	ELF	ELF64	AArch64	Huawei official driver vendor.img; OPM7.181205.001	none
vendor/lib64/libqmi.so	vendor/lib64/libqmi.so	e8a15d07f46c07128965727b0ccc9ecaf848463c1c673e94f58f9793bc26433e	294520	ELF	ELF64	AArch64	Huawei official driver vendor.img; OPM7.181205.001	none
vendor/lib64/libqmi_cci.so	vendor/lib64/libqmi_cci.so	085cd3a292b91ebddc74c9a8f4f58b8d0ec23fdfcb2cb816a32edd6b1f3971c0	44288	ELF	ELF64	AArch64	Huawei official driver vendor.img; OPM7.181205.001	none
vendor/lib64/libqmi_client_helper.so	vendor/lib64/libqmi_client_helper.so	493fe0e3a6fa27156f83095cb3b2bc03a14c2cefcfc3219970ec0b82acb361f5	19152	ELF	ELF64	AArch64	Huawei official driver vendor.img; OPM7.181205.001	none
vendor/lib64/libqmi_client_qmux.so	vendor/lib64/libqmi_client_qmux.so	9e22932dc44bcc8cdc2be139b5ae22e6222af6028863bd66fd66722a16dc23fd	60296	ELF	ELF64	AArch64	Huawei official driver vendor.img; OPM7.181205.001	none
vendor/lib64/libqmi_common_so.so	vendor/lib64/libqmi_common_so.so	41fc61f874d98924ccb39e8f665d73d2f3fc8ffae4899df2252d3b496bf12063	6576	ELF	ELF64	AArch64	Huawei official driver vendor.img; OPM7.181205.001	none
vendor/lib64/libqmi_csi.so	vendor/lib64/libqmi_csi.so	55cfea03c0817f71a47fe867ddd33a86b93dff9c6c6143b39820cdbb0287817a	27760	ELF	ELF64	AArch64	Huawei official driver vendor.img; OPM7.181205.001	none
vendor/lib64/libqmi_encdec.so	vendor/lib64/libqmi_encdec.so	efc8dbb05bbf76e2ddb44a484331a0327fc448e877cd17b3272ce9b66ffc62e1	19048	ELF	ELF64	AArch64	Huawei official driver vendor.img; OPM7.181205.001	none
vendor/lib64/libqmi_oem_api.so	vendor/lib64/libqmi_oem_api.so	caa376f76d1d798101abe0e3eeff6b87074bf30e1ca4cff7746380770e4776cd	14872	ELF	ELF64	AArch64	Huawei official driver vendor.img; OPM7.181205.001	none
vendor/lib64/libqmiservices.so	vendor/lib64/libqmiservices.so	4f018cf381f951b2ac3fff49700e2b1d64e46a9b1f7e66dde54c00a4c974f713	116120	ELF	ELF64	AArch64	Huawei official driver vendor.img; OPM7.181205.001	none
vendor/lib64/libqti-perfd-client.so	vendor/lib64/libqti-perfd-client.so	e097242d5707a76c33a8300b4c95e6dc151c8f53b67af7c91ba75a20c49ea3c3	10896	ELF	ELF64	AArch64	Huawei official driver vendor.img; OPM7.181205.001	none
vendor/lib64/libquipc_os_api.so	vendor/lib64/libquipc_os_api.so	4fbab27166f134f87ef17d039dcac5edf607d6df37e75214c85b172f7e7437ad	68521	ELF	ELF64	AArch64	Huawei official driver vendor.img; OPM7.181205.001	add direct liblog DT_NEEDED for legacy Android log imports
vendor/lib64/libril-qc-qmi-1.so	vendor/lib64/libril-qc-qmi-1.so	2de2ed8ac5e36a0cb495c4c9b855d5415f9534647af8f7d8b8e493586db35505	8515800	ELF	ELF64	AArch64	Huawei official driver vendor.img; OPM7.181205.001	none
vendor/lib64/libril-qcril-hook-oem.so	vendor/lib64/libril-qcril-hook-oem.so	bcdebb1c63e561e3f947f0cc33c6b01263f9c02d5ed0bb8515fed0312d6c1395	6576	ELF	ELF64	AArch64	Huawei official driver vendor.img; OPM7.181205.001	none
vendor/lib64/librpmb.so	vendor/lib64/librpmb.so	26e03326e12d1cd514638e89b11e7e70cc91df1c5e5c2647d41b712422614720	18744	ELF	ELF64	AArch64	Huawei official driver vendor.img; OPM7.181205.001	none
vendor/lib64/librs_adreno.so	vendor/lib64/librs_adreno.so	168a86ebb8b01b174d19f0aacec6ca205b64dd14bf354bb56fcbbaa9211c114b	359016	ELF	ELF64	AArch64	Huawei official driver vendor.img; OPM7.181205.001	none
vendor/lib64/librs_adreno_sha1.so	vendor/lib64/librs_adreno_sha1.so	4db5ac6c9a4ec3cce7e5012860d8d0e382326be3ec5ee89540a91a1b403e3452	6560	ELF	ELF64	AArch64	Huawei official driver vendor.img; OPM7.181205.001	none
vendor/lib64/libscale.so	vendor/lib64/libscale.so	e54b4d7cc6d37e875ce49a050233e3ba2d144a3ffca10ef879f923224b539f22	26240	ELF	ELF64	AArch64	Huawei official driver vendor.img; OPM7.181205.001	none
vendor/lib64/libsmemlog.so	vendor/lib64/libsmemlog.so	68cb0acc96d6dfaf0117d5e2ac33a723854c7757ecf020156ebffb85d3509576	6752	ELF	ELF64	AArch64	Huawei official driver vendor.img; OPM7.181205.001	none
vendor/lib64/libssd.so	vendor/lib64/libssd.so	de6cb1870fe334ddfb73454d403d632ce6ec1bd524d095f151466fd6e2c9ff5f	9784	ELF	ELF64	AArch64	Huawei official driver vendor.img; OPM7.181205.001	none
vendor/lib64/libsystem_health_mon.so	vendor/lib64/libsystem_health_mon.so	fb8e4e6260826b95725ca01de226f0438f191c18ba82b18ed4095ae96f2895ec	6672	ELF	ELF64	AArch64	Huawei official driver vendor.img; OPM7.181205.001	none
vendor/lib64/libthermalclient.so	vendor/lib64/libthermalclient.so	05cdad21e78463832971887db69d1a08ce73f963ce000bdb0d4786b4a5d675eb	23864	ELF	ELF64	AArch64	Huawei official driver vendor.img; OPM7.181205.001	none
vendor/lib64/libthermalioctl.so	vendor/lib64/libthermalioctl.so	557305ef0577c63f32bee47c492a0c22fd6ca37465a1deca74a132a48c077244	10864	ELF	ELF64	AArch64	Huawei official driver vendor.img; OPM7.181205.001	none
vendor/lib64/libtime_genoff.so	vendor/lib64/libtime_genoff.so	ea6c30db3c16d940fcc44a05f148261263389f0f551206357b85820e765b9b4b	10768	ELF	ELF64	AArch64	Huawei official driver vendor.img; OPM7.181205.001	none
vendor/lib64/libtzdrmgenprov.so	vendor/lib64/libtzdrmgenprov.so	7366bc721ef893bbd549f952bb94c08809df62d1dfe4ab7484adf936076b3348	22072	ELF	ELF64	AArch64	Huawei official driver vendor.img; OPM7.181205.001	none
vendor/lib64/libvoice-svc.so	vendor/lib64/libvoice-svc.so	e5bf4d391812d796eaadc9a45b3b914a8fed966e4ad1bd983e632e7cd9e13026	67489	ELF	ELF64	AArch64	Huawei official driver vendor.img; OPM7.181205.001	add direct libprocessgroup DT_NEEDED for set_sched_policy
vendor/lib64/libwms.so	vendor/lib64/libwms.so	de81279aba49ee3a76afb8bd1e5e3f328739cef551f570f59e5dcb9eb8a614fb	39112	ELF	ELF64	AArch64	Huawei official driver vendor.img; OPM7.181205.001	none
vendor/lib64/libxml.so	vendor/lib64/libxml.so	bf15e25ffe0e155731fa8bc5b47ce9a6f9911489fa65470df30f7f1481e6340e	35656	ELF	ELF64	AArch64	Huawei official driver vendor.img; OPM7.181205.001	none
vendor/lib64/mediadrm/libwvdrmengine.so	vendor/lib64/mediadrm/libwvdrmengine.so	7bce1e347184bd17fe9f33ad6a45f80f1a1b0e6219bdbbd0261831590c4ac668	2647152	ELF	ELF64	AArch64	Huawei official driver vendor.img; OPM7.181205.001	none
vendor/media/LMspeed_508.emd	vendor/media/LMspeed_508.emd	cc67f640b988ff2c7418fbc038628b6ff78daf1f6e87ec93949972fc67f8fedf	415875	data			Huawei official driver vendor.img; OPM7.181205.001	none
vendor/media/PFFprec_600.emd	vendor/media/PFFprec_600.emd	d43458f691ea1e1f5559acb7c227d164be56ec78ab92a23c580ec9fb3483dce2	637001	data			Huawei official driver vendor.img; OPM7.181205.001	none
vendor/qcril.db	vendor/qcril.db	46376e6315432c5b3042845469395eda57d70302218f7a105a0f6ebad42813a2	65536	data			Huawei official driver vendor.img; OPM7.181205.001	none
vendor/qcril_database/upgrade/1_version_intro.sql	vendor/qcril_database/upgrade/1_version_intro.sql	ee26bdc9bde0ebf44f7d7ce6a38df9741de239db89ab7cf65f1a5ac634b5bee1	596	configuration			Huawei official driver vendor.img; OPM7.181205.001	none
vendor/qcril_database/upgrade/2_db_upgrade.sql	vendor/qcril_database/upgrade/2_db_upgrade.sql	15b0de5e6bc3e3ad65fd2b5eecbc68785af820792d7bc15b5eed58f3c70f023c	912	configuration			Huawei official driver vendor.img; OPM7.181205.001	none
vendor/qcril_database/upgrade/3_remove_ecc_999_from_us_and_canada.sql	vendor/qcril_database/upgrade/3_remove_ecc_999_from_us_and_canada.sql	2a9a7fb70e8b7e34e735fa0ed77a375d852b8df5e7d925cb65e836c70705112f	732	configuration			Huawei official driver vendor.img; OPM7.181205.001	none
vendor/xbin/wlutil	vendor/xbin/wlutil	b197b0015d4cb084030f4f62d027860b7f788e664e6b01203a810df436a82476	608528	ELF	ELF64	AArch64	Huawei official driver vendor.img; OPM7.181205.001	none
